{
  "episode": 499,
  "total_steps": 4192,
  "timestamp": "2025-12-01T01:41:29.643554",
  "episode_rewards": [
    231.57169465286748,
    14314.115071669314,
    18975.32351512507,
    17150.557546384323,
    5651.56284161627,
    16606.106395078506,
    220.0,
    3392.7801192022703,
    25859.79772740241,
    260.0,
    17273.808858650704,
    17843.621176153712,
    10332.989253870457,
    254.94747286502235,
    10741.952635722584,
    16048.92899300013,
    15098.720625607057,
    3202.3176176022757,
    14656.651120234357,
    13620.700310454595,
    18646.009131818686,
    256.30258263381495,
    25360.895368009038,
    15325.390622427587,
    19577.196457603557,
    235.43473587671997,
    11918.308942648284,
    11680.703760921835,
    16085.803416405677,
    13156.358121423727,
    9303.57184612507,
    11767.89914054916,
    3743.5346126198556,
    1211.920173521601,
    16495.949712734015,
    233.0652399634395,
    17305.507404645716,
    260.0,
    233.81610472246675,
    17910.51894965808,
    4673.131022530396,
    27467.718497339476,
    14589.581007192626,
    13035.636535541771,
    16996.438871703278,
    6095.906480575641,
    260.0,
    260.0,
    31962.590049085164,
    17789.875051863623,
    5054.494429545369,
    16948.030929672685,
    19327.625535323605,
    8180.654139661785,
    8493.353924033054,
    19190.25213267767,
    13673.211319554459,
    3347.62643717052,
    1424.8790525785864,
    12999.577954904182,
    6168.897465142283,
    4202.2494387464685,
    630.0386276291457,
    15344.21556990493,
    14100.443786232376,
    21748.14230016834,
    11232.714770129838,
    260.0,
    8710.609759235875,
    22674.85187805589,
    11204.07266002517,
    256.1642286515949,
    5878.411303217974,
    11941.966704995644,
    7704.592168065883,
    8509.443911519575,
    8225.802959892777,
    18248.799505063067,
    19008.314216255443,
    22554.729304273857,
    2101.289200415599,
    6984.996818653093,
    21655.91534246512,
    11118.748386846664,
    22306.178971493548,
    14666.886068797183,
    186.65113067988014,
    1244.4857606596893,
    187.42975854493324,
    11948.178310478921,
    626.8321798369269,
    9718.020536019558,
    3776.090271379568,
    258.82638443424906,
    19279.62078005422,
    9157.129213029695,
    11306.968983210301,
    256.72721287888464,
    184.743593056402,
    2891.3238642456563
  ],
  "episode_lengths": [
    4,
    15,
    10,
    15,
    6,
    15,
    1,
    5,
    15,
    1,
    15,
    15,
    5,
    2,
    15,
    11,
    15,
    5,
    15,
    6,
    15,
    2,
    15,
    8,
    15,
    2,
    15,
    15,
    15,
    15,
    15,
    6,
    2,
    4,
    15,
    4,
    15,
    1,
    3,
    15,
    9,
    15,
    15,
    15,
    11,
    8,
    1,
    1,
    15,
    15,
    15,
    15,
    15,
    15,
    9,
    15,
    15,
    2,
    4,
    14,
    4,
    3,
    2,
    10,
    15,
    15,
    15,
    1,
    12,
    15,
    15,
    2,
    4,
    5,
    8,
    15,
    15,
    8,
    14,
    15,
    5,
    15,
    15,
    15,
    15,
    11,
    2,
    5,
    2,
    15,
    6,
    10,
    15,
    2,
    15,
    9,
    13,
    2,
    4,
    15
  ],
  "training_losses": [],
  "epsilon_history": [
    0.20181574861819812,
    0.2003074167058908,
    0.19930813007881562,
    0.1978185396229741,
    0.1972258253292679,
    0.19575179761680198,
    0.1956539217179936,
    0.19516527580399667,
    0.1937066482405634,
    0.19360979491644312,
    0.19216279271662862,
    0.1907266051316799,
    0.19025026519701493,
    0.19006006249438423,
    0.1886395903088476,
    0.18760466246971222,
    0.18620254146955162,
    0.1857375003895365,
    0.1843493341980083,
    0.18379697704471704,
    0.18242331394973912,
    0.18224093624161788,
    0.18087890269495935,
    0.18015665197113714,
    0.17881019596241116,
    0.17863143046899777,
    0.17729637367109036,
    0.1759712948297439,
    0.1746561193716389,
    0.17335077328080245,
    0.1720551830944427,
    0.17153966232211937,
    0.17136816554471285,
    0.1710256861801984,
    0.16974747324559797,
    0.16940823283545356,
    0.16814210843464322,
    0.1680580373804259,
    0.16780607634687608,
    0.16655192615410838,
    0.16580393970626608,
    0.16456475309591703,
    0.16333482792687024,
    0.16211409498090276,
    0.16122469318705196,
    0.16058092185928835,
    0.1605006313983587,
    0.16042038108265955,
    0.1592214301493048,
    0.15803143994357635,
    0.1568503434947273,
    0.155678074332537,
    0.15451456648357054,
    0.15335975446746564,
    0.152671014201082,
    0.1515299805385433,
    0.15039747474113904,
    0.1502471148657666,
    0.14994684593159324,
    0.14890062248760733,
    0.14860304451912487,
    0.1483802513860542,
    0.14823190822973104,
    0.1474924140760158,
    0.14639008427025335,
    0.1452959930644778,
    0.1442100788849846,
    0.14413797384554214,
    0.14327552031969884,
    0.14220470676312416,
    0.14114189626017917,
    0.14100078964939308,
    0.14071899950078723,
    0.14036755362367925,
    0.13980706500010096,
    0.13876217400844393,
    0.13772509233017494,
    0.13717515507302724,
    0.13621804348939798,
    0.1351999761510763,
    0.1348623140416813,
    0.13385437916331108,
    0.13285397739547847,
    0.1318610524371708,
    0.1308755484081583,
    0.13015752973409334,
    0.1300274047437417,
    0.1297026611379006,
    0.12957299090242802,
    0.1286045874032493,
    0.1282192555868514,
    0.1275795998539356,
    0.1266260945743098,
    0.12649950013625916,
    0.12555406731323696,
    0.1249902026796038,
    0.12418019920831944,
    0.12405605005416094,
    0.12380812397610745,
    0.12288280597850484
  ],
  "best_mean_reward": 7865.173391922499
}