{
  "episode": 1199,
  "total_steps": 5433,
  "timestamp": "2025-12-21T17:00:04.892778",
  "episode_rewards": [
    514.5924037200732,
    -145.75092442067267,
    239.26310073158623,
    -56.97030590370293,
    -62.467701071644655,
    -69.11459822038421,
    -76.85708749808403,
    -72.08775767492706,
    520.0080416511396,
    -189.99778149092853,
    47.83869246580923,
    -22.526281538930192,
    1580.0,
    430.0,
    442.8063156873921,
    461.4575694826938,
    -30.13021365410016,
    -67.79949211177522,
    -48.742239026441084,
    -61.605343533269675,
    -68.1520473569879,
    -18.760089382051248,
    -43.77339137127103,
    -39.616193841185016,
    -56.5675497132747,
    483.2271723262142,
    149.74174056980678,
    313.4091335046044,
    -75.26718095285128,
    430.0,
    201.16702389684534,
    -135.46224276001362,
    430.0,
    -111.99047763218036,
    -79.06364648390496,
    502.3761048673608,
    -96.80807019758137,
    -62.577343836322136,
    -45.949321072918096,
    433.5043165302962,
    368.93313373481953,
    1048.9642914476267,
    457.4327109231011,
    980.0,
    -189.08728958263623,
    -55.0440566429337,
    1.064186060627577,
    -157.39555915939394,
    370.0,
    -58.83932241213273,
    -53.5530316484505,
    430.0,
    -137.2665304476628,
    -95.60785760740859,
    -103.01413697626555,
    380.0,
    380.0,
    -43.168002110669335,
    10.060261692434054,
    -59.971950214814434,
    -33.60722356026896,
    521.2549270783945,
    476.7986298820315,
    -188.03557952447738,
    -152.8617059497148,
    -59.76917632695401,
    430.0,
    -81.28319939278812,
    -27.834167748729925,
    535.1256042829648,
    518.1906312881529,
    -70.06155112253045,
    -27.478452649209263,
    405.6753613190131,
    -53.40627911433306,
    -292.5672890768989,
    -46.79181030058783,
    -95.69481527730291,
    -292.5672890768989,
    -37.702889403777434,
    435.52397085904823,
    980.0,
    518.5256797758803,
    -45.55642955514183,
    430.0,
    -52.752121633343826,
    -39.20935103127603,
    456.88694351513334,
    264.9828230861577,
    507.120761048616,
    -53.47111304123683,
    -81.93057377494188,
    574.1968234437863,
    430.0,
    -79.88047406057501,
    -230.0,
    -0.4593404156266274,
    473.2481321293801,
    522.5243943361027,
    470.0
  ],
  "episode_lengths": [
    2,
    5,
    4,
    5,
    7,
    4,
    8,
    8,
    2,
    7,
    4,
    4,
    6,
    2,
    3,
    6,
    4,
    4,
    4,
    5,
    7,
    4,
    7,
    4,
    4,
    2,
    5,
    5,
    8,
    2,
    5,
    4,
    2,
    4,
    4,
    3,
    7,
    4,
    4,
    5,
    4,
    9,
    2,
    5,
    4,
    5,
    4,
    5,
    5,
    6,
    5,
    2,
    4,
    4,
    11,
    4,
    4,
    6,
    4,
    6,
    4,
    2,
    3,
    4,
    6,
    5,
    2,
    5,
    4,
    4,
    5,
    5,
    4,
    3,
    5,
    4,
    4,
    4,
    4,
    4,
    7,
    5,
    2,
    4,
    2,
    5,
    4,
    2,
    4,
    7,
    4,
    15,
    5,
    2,
    9,
    4,
    6,
    2,
    2,
    4
  ],
  "training_losses": [
    5.278069019317627,
    21.183103561401367,
    17.54001808166504,
    5.171369552612305,
    9.432345390319824,
    23.060691833496094,
    5.49084997177124,
    9.585680961608887,
    18.060344696044922,
    6.589683532714844,
    18.43655014038086,
    12.966008186340332,
    12.214686393737793,
    8.21943473815918,
    20.595319747924805,
    3.392984390258789,
    16.668987274169922,
    37.243629455566406,
    41.211151123046875,
    13.833646774291992,
    18.968399047851562,
    5.836608409881592,
    18.911922454833984,
    19.129383087158203,
    10.431451797485352,
    2.2060930728912354,
    17.97184944152832,
    6.854626655578613,
    28.604246139526367,
    19.14431381225586,
    6.806790828704834,
    3.5892715454101562,
    18.428508758544922,
    1.3209173679351807,
    29.43090057373047,
    11.79594898223877,
    27.970680236816406,
    21.890522003173828,
    20.126728057861328,
    16.93027114868164,
    16.329029083251953,
    35.695892333984375,
    8.448952674865723,
    20.536476135253906,
    10.479399681091309,
    6.517118453979492,
    19.377038955688477,
    3.8232650756835938,
    11.163785934448242,
    12.706842422485352,
    7.00948429107666,
    12.689973831176758,
    6.071262359619141,
    8.055383682250977,
    35.01626205444336,
    11.714700698852539,
    34.030670166015625,
    16.25090217590332,
    39.75233840942383,
    5.958325386047363,
    29.481204986572266,
    2.4508216381073,
    14.445734024047852,
    3.985483407974243,
    30.8953857421875,
    24.32712745666504,
    4.752235412597656,
    15.877427101135254,
    20.20980453491211,
    24.59503173828125,
    33.2491340637207,
    35.009307861328125,
    11.176610946655273,
    23.71364402770996,
    21.713274002075195,
    21.665599822998047,
    4.575499534606934,
    13.752663612365723,
    2.978090286254883,
    11.777728080749512,
    10.159368515014648,
    6.931515693664551,
    9.011129379272461,
    19.65090560913086,
    30.09735107421875,
    11.752246856689453,
    12.787323951721191,
    24.024675369262695,
    5.748281478881836,
    7.044180870056152,
    19.488576889038086,
    17.22611427307129,
    6.760166168212891,
    9.038735389709473,
    2.564983606338501,
    20.19883918762207,
    24.990591049194336,
    47.904197692871094,
    25.000444412231445,
    9.009954452514648,
    10.137653350830078,
    3.9461374282836914,
    16.475452423095703,
    10.337881088256836,
    21.158727645874023,
    9.277918815612793,
    17.55254364013672,
    3.0470962524414062,
    31.342754364013672,
    27.621845245361328,
    3.4998810291290283,
    6.664676189422607,
    12.18211555480957,
    9.525860786437988,
    6.245663166046143,
    20.80846405029297,
    14.85130786895752,
    16.227083206176758,
    7.2628173828125,
    19.372825622558594,
    23.28508186340332,
    14.53050422668457,
    24.68793487548828,
    41.8869514465332,
    9.126666069030762,
    15.455682754516602,
    27.079071044921875,
    25.403968811035156,
    16.194604873657227,
    18.593891143798828,
    16.109994888305664,
    13.036723136901855,
    11.374469757080078,
    3.5279717445373535,
    6.084896087646484,
    22.884294509887695,
    15.592608451843262,
    35.988250732421875,
    12.97873306274414,
    12.271896362304688,
    12.94282341003418,
    16.255443572998047,
    6.121628761291504,
    7.5723958015441895,
    13.369504928588867,
    24.54258155822754,
    2.4723129272460938,
    5.931117057800293,
    20.771835327148438,
    7.163510799407959,
    20.61817169189453,
    38.95713424682617,
    14.24339485168457,
    9.421274185180664,
    2.5671920776367188,
    10.853232383728027,
    30.518871307373047,
    20.74451446533203,
    25.834705352783203,
    45.832801818847656,
    19.907108306884766,
    12.731621742248535,
    15.367582321166992,
    21.164772033691406,
    3.8054468631744385,
    24.064706802368164,
    5.336359977722168,
    7.054733753204346,
    20.636859893798828,
    6.736788749694824,
    15.948776245117188,
    6.4672651290893555,
    19.799150466918945,
    9.073328018188477,
    39.27592468261719,
    22.582937240600586,
    10.537071228027344,
    5.375566005706787,
    27.003116607666016,
    24.46965789794922,
    15.503204345703125,
    25.309696197509766,
    33.912784576416016,
    38.718994140625,
    20.596817016601562,
    5.467483997344971,
    22.130542755126953,
    8.520193099975586,
    8.500784873962402,
    12.452589988708496,
    17.627586364746094,
    14.54112720489502,
    18.082538604736328,
    4.311402797698975,
    26.57653045654297,
    24.348228454589844,
    20.65041732788086,
    14.520101547241211,
    16.111404418945312,
    11.737200736999512,
    5.860135078430176,
    18.499412536621094,
    17.929061889648438,
    4.808450698852539,
    28.578872680664062,
    13.3545503616333,
    8.133678436279297,
    8.745351791381836,
    17.25198745727539,
    8.37700080871582,
