{
  "episode": 799,
  "total_steps": 6184,
  "timestamp": "2025-12-01T01:41:41.569164",
  "episode_rewards": [
    257.5730964396534,
    5425.578329899742,
    260.0,
    220.0,
    16257.863763770129,
    260.0,
    18553.53178794867,
    260.0,
    3076.741244437842,
    260.0,
    260.0,
    260.0,
    260.0,
    7798.3905963936395,
    235.0,
    260.0,
    260.0,
    260.0,
    260.0,
    260.0,
    260.0,
    7641.843120797159,
    6111.197573359736,
    235.0,
    7354.492273612617,
    5897.130668120258,
    260.0,
    13000.546767404083,
    2445.6584929626906,
    260.0,
    1804.978095157523,
    13152.439804399199,
    189.90994795369167,
    260.0,
    260.0,
    260.0,
    260.0,
    256.83221219862185,
    3517.751221994135,
    222.3202316319471,
    235.0,
    24979.32307734975,
    6678.044950069418,
    260.0,
    12693.490501861319,
    3928.364153711085,
    1434.8581915591649,
    20593.559535607124,
    9247.553544409131,
    1640.304828824376,
    21724.026215493053,
    260.0,
    8797.51455972837,
    260.0,
    260.0,
    260.0,
    17617.745753412106,
    235.0,
    189.90994795369167,
    13031.66566648678,
    260.0,
    257.5730964396534,
    4078.0231167553166,
    260.0,
    7200.727383366525,
    260.0,
    22393.11720313476,
    260.0,
    260.0,
    20314.337442234453,
    288.614332019737,
    235.0,
    10197.535838070355,
    256.76892326479316,
    260.0,
    260.0,
    28741.288095876065,
    7237.069452127742,
    260.0,
    260.0,
    260.0,
    225.0,
    260.0,
    260.0,
    220.0,
    225.0,
    260.0,
    260.0,
    260.0,
    260.0,
    212.17322910425585,
    235.0,
    13778.356400475695,
    225.0,
    260.0,
    1630.6027914897127,
    260.0,
    21144.13045039011,
    4393.366231286782,
    31997.482455495443
  ],
  "episode_lengths": [
    2,
    4,
    1,
    1,
    15,
    1,
    15,
    1,
    5,
    1,
    1,
    1,
    1,
    7,
    1,
    1,
    1,
    1,
    1,
    1,
    1,
    2,
    4,
    1,
    15,
    15,
    1,
    15,
    4,
    1,
    4,
    15,
    2,
    1,
    1,
    1,
    1,
    3,
    4,
    2,
    1,
    15,
    9,
    1,
    4,
    8,
    5,
    7,
    5,
    3,
    15,
    1,
    4,
    1,
    1,
    1,
    15,
    1,
    2,
    9,
    1,
    2,
    5,
    1,
    7,
    1,
    8,
    1,
    1,
    15,
    3,
    1,
    6,
    2,
    1,
    1,
    15,
    7,
    1,
    1,
    1,
    1,
    1,
    1,
    1,
    1,
    1,
    1,
    1,
    1,
    4,
    1,
    15,
    1,
    1,
    3,
    1,
    15,
    2,
    13
  ],
  "training_losses": [
    107.62736511230469,
    26.718017578125,
    25.76636505126953,
    79.10008239746094,
    36.90960693359375,
    32.135162353515625,
    100.0904312133789,
    171.14791870117188,
    26.134620666503906,
    63.01525115966797,
    18.440532684326172,
    153.0930633544922,
    28.133195877075195,
    70.74070739746094,
    28.065448760986328,
    25.510082244873047,
    22.113346099853516,
    296.3025817871094,
    26.410823822021484,
    72.56529235839844,
    102.48709106445312,
    46.66128158569336,
    97.91981506347656,
    27.57904815673828,
    26.2525577545166,
    106.98188781738281,
    56.8380241394043,
    29.303455352783203,
    24.20809555053711,
    27.425046920776367,
    59.32670593261719,
    27.791013717651367,
    24.712244033813477,
    25.146814346313477,
    24.67863655090332,
    62.31789016723633,
    63.599761962890625,
    37.358856201171875,
    55.458717346191406,
    26.116374969482422,
    136.7260284423828,
    63.99116897583008,
    152.190185546875,
    24.765348434448242,
    25.479066848754883,
    136.60247802734375,
    47.15612030029297,
    26.052818298339844,
    42.974849700927734,
    53.144287109375,
    167.513916015625,
    28.566049575805664,
    77.24048614501953,
    25.99921417236328,
    27.358816146850586,
    181.36187744140625,
    52.03520584106445,
    112.41827392578125,
    23.639118194580078,
    25.182533264160156,
    507.03753662109375,
    123.31562042236328,
    143.98944091796875,
    102.15568542480469,
    184.92210388183594,
    26.244722366333008,
    82.95514678955078,
    24.920799255371094,
    26.56888771057129,
    77.68447875976562,
    38.25350570678711,
    65.62293243408203,
    24.963876724243164,
    61.426124572753906,
    117.15464782714844,
    24.675628662109375,
    36.36109161376953,
    26.043865203857422,
    42.92406463623047,
    69.27078247070312,
    25.517292022705078,
    82.79489135742188,
    152.1121368408203,
    97.20079040527344,
    23.240915298461914,
    97.3587646484375,
    24.946186065673828,
    62.58430480957031,
    158.77145385742188,
    36.3680419921875,
    24.799419403076172,
    76.95367431640625,
    110.80309295654297,
    129.91903686523438,
    91.41236114501953,
    26.087202072143555,
    25.296371459960938,
    119.84344482421875,
    93.17216491699219,
    58.66465759277344,
    136.11737060546875,
    53.04273986816406,
    22.820087432861328,
    65.70097351074219,
    29.348880767822266,
    23.647518157958984,
    114.0671157836914,
    76.40125274658203,
    81.97415161132812,
    58.26704406738281,
    166.1455078125,
    77.4448013305664,
    149.28358459472656,
    67.36148834228516,
    23.262304306030273,
    75.374267578125,
    139.68661499023438,
    26.92633819580078,
    27.6136474609375,
    132.91299438476562,
    92.69212341308594,
    154.97665405273438,
    101.42625427246094,
    51.588417053222656,
    126.4618911743164,
    28.675716400146484,
    28.771804809570312,
    128.18545532226562,
    171.650390625,
    71.41321563720703,
    26.099349975585938,
    164.41941833496094,
    66.35948944091797,
    52.18638610839844,
    65.22058868408203,
    25.191139221191406,
    102.11737060546875,
    27.654727935791016,
    13.928958892822266,
    24.383514404296875,
    26.065763473510742,
    26.454364776611328,
    155.70359802246094,
    73.47956848144531,
    87.54219818115234,
    119.653076171875,
    150.591064453125,
    25.46314239501953,
    24.390270233154297,
    62.4711799621582,
    27.901622772216797,
    51.22711944580078,
    91.78508758544922,
    54.16917419433594,
    26.349111557006836,
    23.699283599853516,
    150.24801635742188,
    26.847501754760742,
    209.38638305664062,
    32.54667282104492,
    45.48002243041992,
    158.366943359375,
    24.535751342773438,
    412.72589111328125,
    134.31246948242188,
    27.46027374267578,
    136.6684112548828,
    25.777429580688477,
    108.945556640625,
    25.95887565612793,
    34.339202880859375,
    32.326900482177734,
    197.3929443359375,
    162.50204467773438,
    93.8472671508789,
    16.534271240234375,
    179.35260009765625,
    94.66851806640625,
    25.589067459106445,
    26.617284774780273,
    26.160022735595703,
    128.6870574951172,
    29.122039794921875,
    132.9017333984375,
    81.77515411376953,
    125.14009857177734,
    89.07435607910156,
    25.679336547851562,
    26.078365325927734,
    81.47502899169922,
    24.034757614135742,
    93.90138244628906,
    24.537845611572266,
    102.42388916015625,
    109.18582153320312,
    26.14822006225586,
    27.26819610595703,
    31.534759521484375,
    66.026611328125,
    71.07609558105469,
    31.553693771362305,
    159.98329162597656,
    94.66880798339844,
    25.86040687561035,
    104.00068664550781,
    23.657562255859375,
    51.340965270996094,
    28.50560188293457,
    26.482990264892578,
    28.673221588134766,
    26.52075958251953,
    23.513912200927734,
    26.000534057617188,
    54.221580505371094,
    26.18978500366211,
    24.48732566833496,
    33.95869445800781,
    115.07505798339844,
    68.3302001953125,
    123.04759216308594,
    16.6159610748291,
    194.7812042236328,
    158.24998474121094,
    76.14927673339844,
    50.46696472167969,
    123.98753356933594,
    81.53401947021484,
    25.542800903320312,
    27.100168228149414,
    25.38580322265625,
    62.16935729980469,
    25.319976806640625,
