{
  "episode": 1799,
  "total_steps": 15517,
  "timestamp": "2025-12-01T01:43:05.607061",
  "episode_rewards": [
    14678.731499194804,
    8931.905531841694,
    15769.943145925325,
    17862.68262550336,
    15637.36981845794,
    15742.227704678156,
    232.93580767378046,
    18734.314538491057,
    25036.696908841954,
    15478.343690131116,
    1158.9610887134047,
    23444.439473774568,
    13116.573107944194,
    13982.747216847181,
    17388.339038576232,
    19360.79379481331,
    5936.864749961013,
    16177.260667955583,
    9413.094904820227,
    20153.19141255543,
    12443.90378074186,
    16127.647184478255,
    189.0652399634395,
    15797.640502009734,
    1158.9610887134047,
    4623.212081047563,
    260.0,
    11249.015350086604,
    14705.297664880714,
    6198.811116758574,
    12566.12667720279,
    14661.4863111922,
    260.0,
    5786.00248955464,
    18303.143185291843,
    5052.574967730792,
    21421.813208299933,
    13588.651764039496,
    16124.320863733647,
    11319.97444417324,
    24705.056008634117,
    18391.474891575017,
    14893.841557940874,
    23950.671796437495,
    8752.750755951025,
    232.65277723068112,
    11808.384751322541,
    9954.051816148156,
    11338.299386095585,
    23471.161379832425,
    15863.937077417062,
    13564.498319007307,
    16796.08430007965,
    18217.266783738756,
    13588.651764039496,
    15748.892003055782,
    14149.825635679945,
    16327.358921010793,
    9721.371706155802,
    9689.869000370065,
    9078.925109020745,
    16867.471582498605,
    191.93580767378046,
    195.103780752331,
    25816.956153250707,
    252.65277723068112,
    11878.940607505303,
    14720.356674493903,
    191.93580767378046,
    13952.625614365104,
    3133.7438868697195,
    19780.54404885134,
    260.0,
    13869.989621284223,
    8254.944120058193,
    23141.455690865652,
    23786.54417376972,
    11414.942054290896,
    12444.228134920959,
    12876.05297667711,
    16588.98939529468,
    5052.574967730792,
    15778.433454407399,
    233.0652399634395,
    8850.852838788147,
    24603.17965742533,
    4593.027763233875,
    5585.127180344317,
    8254.944120058193,
    10812.195312169904,
    7004.257520189677,
    12446.06688043099,
    11725.492739451929,
    13544.498319007307,
    232.93580767378046,
    24186.917595851526,
    11313.976203465008,
    25638.1089271659,
    17078.48386565561,
    12497.097037358128
  ],
  "episode_lengths": [
    15,
    15,
    12,
    15,
    14,
    15,
    4,
    15,
    15,
    14,
    3,
    15,
    15,
    15,
    15,
    15,
    15,
    12,
    6,
    15,
    12,
    12,
    4,
    13,
    3,
    15,
    1,
    15,
    11,
    15,
    15,
    15,
    1,
    15,
    15,
    5,
    15,
    9,
    11,
    15,
    15,
    15,
    15,
    15,
    15,
    4,
    15,
    8,
    15,
    15,
    15,
    9,
    15,
    15,
    9,
    15,
    10,
    14,
    15,
    6,
    15,
    13,
    4,
    2,
    15,
    4,
    9,
    15,
    4,
    15,
    8,
    15,
    1,
    15,
    4,
    15,
    15,
    15,
    12,
    14,
    14,
    5,
    15,
    4,
    15,
    15,
    8,
    3,
    4,
    15,
    15,
    15,
    11,
    10,
    4,
    15,
    15,
    15,
    13,
    15
  ],
  "training_losses": [
    228.7083740234375,
    40.15385818481445,
    103.52449798583984,
    107.29875183105469,
    298.31292724609375,
    114.75328826904297,
    117.40176391601562,
    206.89710998535156,
    121.61690521240234,
    25.557659149169922,
    30.490402221679688,
    94.53089904785156,
    74.78724670410156,
    57.5153694152832,
    235.32208251953125,
    157.7305908203125,
    237.24449157714844,
    277.64727783203125,
    55.62762451171875,
    70.0219955444336,
    114.94366455078125,
    112.76597595214844,
    24.75667953491211,
    62.86798095703125,
    111.18515014648438,
    73.52731323242188,
    87.99717712402344,
    15.758275985717773,
    26.84383201599121,
    57.16596984863281,
    10.154237747192383,
    153.37176513671875,
    147.3045196533203,
    73.13493347167969,
    102.6352310180664,
    234.83306884765625,
    102.88983154296875,
    37.07738494873047,
    362.7366943359375,
    103.98721313476562,
    80.74491119384766,
    9.610897064208984,
    207.017333984375,
    51.43035888671875,
    192.686279296875,
    165.479248046875,
    58.22370910644531,
    86.44575500488281,
    105.09325408935547,
    44.54096603393555,
    24.34110450744629,
    119.32011413574219,
    168.8544921875,
    78.06216430664062,
    95.41180419921875,
    295.51885986328125,
    135.31463623046875,
    29.40359115600586,
    147.61898803710938,
    245.73941040039062,
    51.151466369628906,
    147.4438018798828,
    416.5831298828125,
    405.32275390625,
    400.3833923339844,
    207.53338623046875,
    312.1114196777344,
    52.561119079589844,
    122.36095428466797,
    73.24526977539062,
    123.20506286621094,
    26.89112663269043,
    107.60256958007812,
    24.475189208984375,
    70.8109359741211,
    138.55918884277344,
    210.28976440429688,
    98.23322296142578,
    202.30780029296875,
    435.6357727050781,
    832.80126953125,
    112.16275024414062,
    79.95085906982422,
    226.15618896484375,
    97.55157470703125,
    24.587717056274414,
    168.1617431640625,
    165.20443725585938,
    85.63325500488281,
    73.7651138305664,
    103.25271606445312,
    74.29695129394531,
    101.45038604736328,
    316.4546203613281,
    170.82064819335938,
    188.50157165527344,
    343.2210388183594,
    136.46475219726562,
    17.659616470336914,
    162.9271697998047,
    25.074981689453125,
    365.3479919433594,
    62.092994689941406,
    186.4265899658203,
    121.8001480102539,
    142.27496337890625,
    125.40815734863281,
    138.7357940673828,
    112.940673828125,
    224.62387084960938,
    159.68194580078125,
    48.0141487121582,
    147.078857421875,
    122.76858520507812,
    127.82137298583984,
    94.35148620605469,
    128.92245483398438,
    284.3313903808594,
    49.663055419921875,
    109.26123046875,
    56.686561584472656,
    43.279869079589844,
    281.99835205078125,
    24.309175491333008,
    78.816162109375,
    407.09442138671875,
    109.05186462402344,
    101.0741195678711,
    46.413658142089844,
    222.0518035888672,
    463.0895080566406,
    249.73187255859375,
    445.7552795410156,
    114.08440399169922,
    41.00135040283203,
    72.80227661132812,
    315.7005615234375,
    50.60202407836914,
    103.27116394042969,
    115.3720932006836,
    69.31473541259766,
    102.8870849609375,
    277.327392578125,
    116.39935302734375,
    293.3851318359375,
    101.13320922851562,
    409.84674072265625,
    71.97067260742188,
    77.58946228027344,
    153.02154541015625,
    23.430133819580078,
    153.01333618164062,
    156.68089294433594,
    78.80040740966797,
    86.11870574951172,
    54.59779357910156,
    70.19928741455078,
    115.31028747558594,
    148.3203887939453,
    60.275856018066406,
    83.26202392578125,
    37.12017822265625,
    71.07734680175781,
    89.66305541992188,
    178.6144256591797,
    52.02899169921875,
    92.24559020996094,
    109.47355651855469,
    57.167076110839844,
    88.40998840332031,
    251.18472290039062,
    195.68943786621094,
    297.50958251953125,
    54.930992126464844,
    439.0509033203125,
    40.597618103027344,
    333.64349365234375,
    95.90857696533203,
    257.28045654296875,
    174.89857482910156,
    99.0386962890625,
    100.83975982666016,
    112.44586181640625,
    110.40677642822266,
    108.89193725585938,
    84.15708923339844,
    56.527557373046875,
    101.59201049804688,
    447.1617126464844,
    99.9704818725586,
    149.3339385986328,
    93.21443176269531,
    45.00096893310547,
    102.07533264160156,
    107.82449340820312,
    87.17974090576172,
    243.40896606445312,
    95.57926177978516,
    208.38670349121094,
    62.924232482910156,
    52.39629364013672,
    36.10654067993164,
    31.914419174194336,
