{
  "episode": 1599,
  "total_steps": 13102,
  "timestamp": "2025-12-01T01:42:43.603743",
  "episode_rewards": [
    17440.93306127468,
    16148.808346952617,
    2745.3438258608858,
    235.4631579478027,
    15501.855128819416,
    5497.489714694633,
    14045.215112542784,
    10879.6014581706,
    21462.09588743141,
    21300.637266267713,
    12267.574406044747,
    17768.538045052093,
    13799.372859018626,
    17768.538045052093,
    14552.624399921455,
    17294.477746547298,
    23730.101258218674,
    18455.114393800985,
    16860.99342441025,
    235.89586384506117,
    15899.540479934774,
    29654.679900705418,
    5556.330213305461,
    14830.459522197416,
    13807.324672223473,
    1580.8620756302673,
    232.93580767378046,
    13146.63800829822,
    12484.347770142793,
    14992.554470416104,
    16526.96168959569,
    1158.9610887134047,
    15707.354419822626,
    12462.228134920959,
    15592.374260467785,
    22709.206992576892,
    9721.371706155802,
    25266.33480512016,
    15926.11276813153,
    16673.127199917562,
    260.0,
    14567.182325970918,
    15881.238548894617,
    17718.65463555574,
    19820.58649670222,
    20479.338959982102,
    4548.074871495742,
    17402.816688541574,
    10816.154793359168,
    2745.841031903971,
    11337.976203465008,
    10812.195312169904,
    13361.434165444578,
    23764.487042405028,
    16148.1544009886,
    5196.576386065452,
    20491.934519478287,
    20765.69952603453,
    17078.48386565561,
    232.93580767378046,
    12676.81441568272,
    16151.1544009886,
    12444.228134920959,
    15753.04689712444,
    18552.67332722975,
    16828.98431948691,
    22665.92251537825,
    13433.590710572575,
    15935.364989596346,
    1144.3578665747223,
    9442.77447751225,
    8931.905531841694,
    1649.4426116923096,
    15525.851641384843,
    189.0652399634395,
    15622.373305892514,
    20451.72293793364,
    12789.790192104065,
    -43536.83400091897,
    17768.538045052093,
    12496.718414833931,
    12484.347770142793,
    232.93580767378046,
    21027.623503475505,
    16925.004103504187,
    4606.422858959274,
    26052.52111225947,
    21226.289860514673,
    -8687.524431918455,
    22916.676490084832,
    16327.380037731898,
    22873.637452846706,
    15045.045958663144,
    25036.696908841954,
    14685.82252225216,
    15898.979993370513,
    9213.576036655108,
    8606.848462351789,
    20706.665570697132,
    9709.97118527146
  ],
  "episode_lengths": [
    15,
    15,
    15,
    2,
    12,
    3,
    15,
    15,
    15,
    10,
    15,
    15,
    8,
    15,
    14,
    15,
    15,
    15,
    14,
    2,
    14,
    15,
    7,
    15,
    9,
    15,
    4,
    15,
    9,
    12,
    15,
    3,
    15,
    12,
    15,
    15,
    15,
    15,
    10,
    12,
    1,
    6,
    15,
    15,
    15,
    15,
    15,
    15,
    7,
    15,
    15,
    15,
    9,
    15,
    13,
    7,
    15,
    14,
    13,
    4,
    15,
    13,
    12,
    15,
    15,
    14,
    15,
    15,
    10,
    3,
    15,
    15,
    5,
    12,
    4,
    14,
    15,
    7,
    15,
    15,
    15,
    9,
    4,
    15,
    12,
    15,
    12,
    15,
    15,
    15,
    14,
    15,
    15,
    15,
    10,
    15,
    15,
    4,
    15,
    15
  ],
  "training_losses": [
    30.77391815185547,
    109.69967651367188,
    111.99249267578125,
    118.49772644042969,
    111.51921081542969,
    176.52688598632812,
    116.2255859375,
    148.72589111328125,
    39.85955047607422,
    145.59359741210938,
    144.30783081054688,
    377.25897216796875,
    36.62858200073242,
    99.64530181884766,
    23.999122619628906,
    32.972007751464844,
    24.36260986328125,
    96.97249603271484,
    22.149288177490234,
    62.92100143432617,
    77.36912536621094,
    105.81610870361328,
    139.63949584960938,
    125.25629425048828,
    96.28889465332031,
    160.2224578857422,
    65.01126861572266,
    107.9416732788086,
    223.48626708984375,
    65.09744262695312,
    65.85903930664062,
    298.32159423828125,
    83.31613159179688,
    134.00765991210938,
    80.46102142333984,
    210.4798583984375,
    131.91348266601562,
    154.5467987060547,
    111.71514892578125,
    123.90325927734375,
    340.1986999511719,
    141.17562866210938,
    228.69223022460938,
    31.23235321044922,
    141.2955780029297,
    36.92844772338867,
    238.62460327148438,
    183.16160583496094,
    50.81827926635742,
    122.29302978515625,
    124.88349914550781,
    165.17579650878906,
    149.10260009765625,
    106.53102111816406,
    24.466020584106445,
    399.58758544921875,
    61.457794189453125,
    115.30317687988281,
    24.773475646972656,
    67.55374908447266,
    186.19561767578125,
    93.14340209960938,
    48.48133850097656,
    128.38243103027344,
    84.43588256835938,
    21.872095108032227,
    139.1201629638672,
    48.402687072753906,
    72.40320587158203,
    124.3642578125,
    71.83244323730469,
    63.249794006347656,
    87.19190979003906,
    38.71690368652344,
    103.05801391601562,
    44.784664154052734,
    67.9416732788086,
    64.6562728881836,
    91.01105499267578,
    120.11799621582031,
    71.97093200683594,
    140.06573486328125,
    114.48748016357422,
    118.3724365234375,
    126.98458862304688,
    53.267356872558594,
    140.2380828857422,
    418.800537109375,
    296.85009765625,
    167.05813598632812,
    94.06901550292969,
    23.212120056152344,
    160.76075744628906,
    170.99114990234375,
    107.39105224609375,
    95.78209686279297,
    110.43811798095703,
    138.42926025390625,
    82.77827453613281,
    64.9518051147461,
    198.48574829101562,
    7.394616603851318,
    19.0477352142334,
    88.24421691894531,
    335.7421875,
    43.88428497314453,
    63.63697052001953,
    124.98180389404297,
    162.01211547851562,
    98.58291625976562,
    29.477237701416016,
    109.73606872558594,
    113.25180053710938,
    38.24150085449219,
    13.524686813354492,
    197.4992218017578,
    188.11167907714844,
    191.3802947998047,
    99.14684295654297,
    92.72657775878906,
    18.668075561523438,
    95.24424743652344,
    40.63418197631836,
    78.00981140136719,
    356.74945068359375,
    132.18214416503906,
    93.07144165039062,
    101.30411529541016,
    468.3970031738281,
    289.3060302734375,
    93.7901611328125,
    45.182464599609375,
    101.24481964111328,
    102.55364990234375,
    514.203369140625,
    120.801025390625,
    54.246429443359375,
    226.23635864257812,
    27.493377685546875,
    25.08310317993164,
    93.0030746459961,
    441.67572021484375,
    87.91463470458984,
    117.2078857421875,
    211.74615478515625,
    14.744391441345215,
    212.7335205078125,
    142.6736602783203,
    224.6868896484375,
    149.29217529296875,
    34.120208740234375,
    182.74896240234375,
    73.43161010742188,
    215.84738159179688,
    349.911376953125,
    46.56044006347656,
    79.80329895019531,
    69.08428955078125,
    295.50347900390625,
    310.54986572265625,
    266.3677978515625,
    227.4814910888672,
    111.20857238769531,
    27.464088439941406,
    35.70730209350586,
    357.6990051269531,
    331.48626708984375,
    91.2468032836914,
    99.24778747558594,
    105.71379089355469,
    71.27672576904297,
    223.70855712890625,
    115.20050048828125,
    88.689453125,
    22.262325286865234,
    222.72506713867188,
    10.322343826293945,
    30.56842041015625,
    318.751220703125,
    61.46177291870117,
    62.689449310302734,
    102.44090270996094,
    213.28892517089844,
    56.82515335083008,
    24.319856643676758,
    61.4818115234375,
    119.05595397949219,
    133.09426879882812,
    135.43724060058594,
    340.4486999511719,
    29.737049102783203,
    31.784591674804688,
    81.31796264648438,
    51.83689498901367,
    131.19949340820312,
    149.79623413085938,
    39.47051239013672,
    130.0401153564453,
    27.4881649017334,
    75.83592224121094,
    105.3769760131836,
