{
  "episode": 899,
  "total_steps": 6619,
  "timestamp": "2025-12-01T01:41:45.640621",
  "episode_rewards": [
    225.0,
    230.0,
    197.9340902613017,
    220.0,
    13998.498824788445,
    7869.306986934746,
    13505.73745993998,
    5881.34461497109,
    5390.418464043005,
    5541.168753175382,
    190.0,
    17083.694475769258,
    256.83221219862185,
    1630.6027914897127,
    28860.849298794015,
    11214.546212532481,
    260.0,
    260.0,
    2188.7750913597356,
    260.0,
    1653.3379142722893,
    260.0,
    260.0,
    221.76514644430003,
    260.0,
    260.0,
    5546.387583144162,
    1630.6027914897127,
    260.0,
    230.0,
    260.0,
    5965.865334900109,
    235.0,
    260.0,
    1630.6027914897127,
    220.0,
    5965.865334900109,
    197.9340902613017,
    220.0,
    260.0,
    260.0,
    28684.17360549129,
    260.0,
    260.0,
    1630.6027914897127,
    15086.531739142974,
    260.0,
    260.0,
    225.0,
    15821.42927478792,
    7646.297486513865,
    235.0,
    260.0,
    260.0,
    225.0,
    4279.449630475096,
    260.0,
    257.96347402439415,
    260.0,
    257.96347402439415,
    260.0,
    260.0,
    657.0025365091476,
    6432.193575921141,
    225.0,
    225.0,
    236.05848199904668,
    260.0,
    8816.476470722202,
    16306.544372803935,
    220.0,
    15208.147283534296,
    260.0,
    238.17318612952263,
    211.83221219862187,
    714.7453739751099,
    19459.632818189675,
    10237.0031148508,
    260.0,
    13031.01756744659,
    260.0,
    230.0,
    23421.511480293764,
    260.0,
    260.0,
    227.90994795369167,
    220.0,
    260.0,
    12963.461674581575,
    260.0,
    260.0,
    189.90994795369167,
    260.0,
    229.54615295792468,
    5865.673343587738,
    10451.337135146194,
    189.90994795369167,
    260.0,
    211.83221219862187,
    260.0
  ],
  "episode_lengths": [
    1,
    1,
    2,
    1,
    15,
    15,
    8,
    15,
    3,
    7,
    1,
    15,
    3,
    3,
    15,
    9,
    1,
    1,
    5,
    1,
    3,
    1,
    1,
    3,
    1,
    1,
    2,
    3,
    1,
    1,
    1,
    15,
    1,
    1,
    3,
    1,
    15,
    2,
    1,
    1,
    1,
    15,
    1,
    1,
    3,
    15,
    1,
    1,
    1,
    15,
    15,
    1,
    1,
    1,
    1,
    15,
    1,
    2,
    1,
    2,
    1,
    1,
    6,
    15,
    1,
    1,
    2,
    1,
    5,
    11,
    1,
    15,
    1,
    2,
    3,
    3,
    15,
    4,
    1,
    15,
    1,
    1,
    10,
    1,
    1,
    2,
    1,
    1,
    7,
    1,
    1,
    2,
    1,
    3,
    2,
    15,
    2,
    1,
    3,
    1
  ],
  "training_losses": [
    34.84254455566406,
    140.5911407470703,
    139.83648681640625,
    24.283164978027344,
    180.03964233398438,
    39.74951171875,
    142.40072631835938,
    89.08734893798828,
    69.15896606445312,
    117.54380798339844,
    26.790874481201172,
    47.593441009521484,
    70.40419006347656,
    26.24169921875,
    67.5262222290039,
    27.403339385986328,
    25.656564712524414,
    65.90174865722656,
    24.844181060791016,
    156.53562927246094,
    26.405406951904297,
    23.613109588623047,
    158.3203582763672,
    37.60955047607422,
    26.709571838378906,
    53.76128005981445,
    29.031585693359375,
    133.82017517089844,
    26.2539005279541,
    189.9504852294922,
    136.72994995117188,
    28.176498413085938,
    27.03071403503418,
    172.35015869140625,
    44.07726287841797,
    159.63153076171875,
    28.470916748046875,
    26.716018676757812,
    24.255069732666016,
    78.40843200683594,
    135.08001708984375,
    51.65316390991211,
    25.51531219482422,
    65.72052001953125,
    46.08772277832031,
    26.553621292114258,
    66.88783264160156,
    138.99102783203125,
    74.99478149414062,
    25.768014907836914,
    27.26278305053711,
    9.349430084228516,
    102.12061309814453,
    72.54258728027344,
    207.10951232910156,
    90.93640899658203,
    81.6553955078125,
    27.40345573425293,
    120.63810729980469,
    127.47782897949219,
    27.055618286132812,
    25.384475708007812,
    48.17482376098633,
    25.69849395751953,
    145.55307006835938,
    240.7957763671875,
    158.9464111328125,
    64.28900146484375,
    56.099308013916016,
    33.21331024169922,
    43.64411163330078,
    116.062744140625,
    412.716796875,
    73.85279083251953,
    22.890047073364258,
    25.397315979003906,
    134.5825958251953,
    27.018083572387695,
    26.73711585998535,
    25.1154842376709,
    26.820411682128906,
    72.489501953125,
    65.86409759521484,
    75.65642547607422,
    78.67283630371094,
    24.661285400390625,
    60.485225677490234,
    27.147815704345703,
    37.43813705444336,
    35.923248291015625,
    67.67122650146484,
    28.994792938232422,
    96.20903015136719,
    24.007606506347656,
    127.96405029296875,
    25.141952514648438,
    170.50723266601562,
    13.913131713867188,
    24.858339309692383,
    25.920001983642578,
    48.71043014526367,
    114.60105895996094,
    27.041961669921875,
    117.40856170654297,
    106.5220947265625,
    27.616764068603516,
    27.487579345703125,
    157.10092163085938,
    26.49010467529297,
    101.95635986328125,
    58.07029724121094,
    186.43377685546875,
    61.535362243652344,
    25.382835388183594,
    79.3059310913086,
    58.99309158325195,
    30.561126708984375,
    23.252283096313477,
    25.517127990722656,
    52.00328826904297,
    27.08194351196289,
    24.30340576171875,
    16.574844360351562,
    31.848100662231445,
    31.303985595703125,
    80.65477752685547,
    51.563594818115234,
    27.080909729003906,
    126.58464050292969,
    38.622032165527344,
    77.96749877929688,
    97.34772491455078,
    24.815948486328125,
    89.01002502441406,
    63.853660583496094,
    53.235721588134766,
    137.68423461914062,
    36.07802200317383,
    27.130718231201172,
    203.0069122314453,
    24.78953742980957,
    34.40779495239258,
    189.38165283203125,
    26.582351684570312,
    167.80880737304688,
    24.77677345275879,
    24.528745651245117,
    58.25933074951172,
    38.850791931152344,
    46.4750862121582,
    117.61399841308594,
    39.804222106933594,
    65.61845397949219,
    154.86148071289062,
    70.1926498413086,
    100.81632232666016,
    25.65679931640625,
    55.50502395629883,
    114.36248779296875,
    28.282699584960938,
    26.499670028686523,
    27.383647918701172,
    11.377623558044434,
    2.2187447547912598,
    76.72254943847656,
    70.74781799316406,
    32.11164093017578,
    25.37850570678711,
    83.86009979248047,
    54.28833770751953,
    26.538541793823242,
    69.3249282836914,
    83.71942138671875,
    84.17045593261719,
    77.25175476074219,
    45.78264617919922,
    153.39996337890625,
    25.149505615234375,
    92.10320281982422,
    25.862525939941406,
    38.5294189453125,
    72.91354370117188,
    26.448348999023438,
    26.92131805419922,
    52.52619934082031,
    83.04083251953125,
    79.73382568359375,
    24.580669403076172,
    42.28999710083008,
    81.27922058105469,
    396.16265869140625,
    89.46607971191406,
    28.184045791625977,
    29.80532455444336,
    27.704116821289062,
    24.133094787597656,
    51.75389099121094,
    31.90191650390625,
    80.54572296142578,
    135.63536071777344,
    139.39303588867188,
    102.91835021972656,
    39.530250549316406,
    72.93994140625,
    150.25827026367188,
    26.0325927734375,
    91.10279846191406,
    102.94261169433594,
    27.371084213256836,
    72.27713775634766,
    89.79890441894531,
    24.265832901000977,
    80.08631896972656,
    124.43535614013672,
    22.404258728027344,
    130.2466583251953,
    24.226720809936523,
    24.467632293701172,
    58.01752471923828,
    25.775630950927734,
    25.55411148071289,
    60.20418930053711,
    25.771034240722656,
    25.543102264404297,
    39.42984390258789,
    26.125825881958008,
    26.29950523376465,
    88.62459564208984,
    83.87287902832031,
    149.81503295898438,
