{
  "episode": 299,
  "total_steps": 2283,
  "timestamp": "2025-12-01T01:41:26.589351",
  "episode_rewards": [
    1922.3760391374763,
    172.38911978118202,
    31880.065650913133,
    10166.333446347204,
    215.46030387365977,
    5551.21688278458,
    6334.860571311018,
    35910.48274365217,
    25911.182916069418,
    230.0,
    5209.68074920178,
    16523.76426562148,
    33739.036648025154,
    17631.57812988318,
    34643.250126117,
    19082.659262374065,
    2644.4383014534637,
    7697.902324429625,
    20271.506598873868,
    8240.399606529387,
    22753.26214124184,
    11632.393612249694,
    6723.8133756424095,
    13664.577528386553,
    6638.572330244684,
    200.50477110937885,
    220.0,
    260.0,
    10708.723629713364,
    225.0,
    16321.036143134115,
    25796.363336809056,
    238.09567191163276,
    11188.121263613199,
    7776.844105776603,
    6406.9434808539145,
    15783.234119118453,
    1742.0374799471624,
    6698.748382851704,
    260.0,
    15358.234818272964,
    255.5944565852676,
    1432.2651578065922,
    14791.986624695559,
    11658.635944790536,
    8632.494550683105,
    34123.67131245415,
    6133.405499940735,
    4102.21061283472,
    12967.156964260708,
    20312.46192811053,
    10096.06205074955,
    200.69900590614628,
    260.0,
    7726.485885412702,
    2742.7691928685217,
    7334.014605334873,
    24499.77540883861,
    11757.204310955114,
    8214.217940618284,
    260.0,
    5612.01521843692,
    258.79286274283123,
    189.7822433468904,
    11683.35432621651,
    260.0,
    22044.2865491966,
    189.33896831771068,
    3192.7617374901542,
    3202.3680380877013,
    3133.0197601366535,
    2531.0790937577394,
    33241.41916785334,
    191.15458066164376,
    14488.903300545939,
    4437.923876973586,
    10960.114996229106,
    1904.766076220905,
    13633.582756812997,
    26704.54499522047,
    19273.88897916548,
    10172.052159223756,
    6659.101268904827,
    11096.585169489521,
    630.0386276291457,
    22364.964702883644,
    3769.616295077749,
    14823.034758107036,
    30525.283333249077,
    983.9251441685719,
    256.4366012843636,
    5120.786432366314,
    260.0,
    7811.781678517694,
    10403.93124110586,
    17716.0794863137,
    12450.99444798939,
    2800.4777859601086,
    225.0,
    31148.507314519928
  ],
  "episode_lengths": [
    5,
    4,
    15,
    9,
    3,
    6,
    9,
    15,
    15,
    1,
    12,
    15,
    15,
    15,
    15,
    15,
    7,
    4,
    15,
    4,
    15,
    12,
    8,
    8,
    6,
    2,
    1,
    1,
    8,
    1,
    15,
    14,
    2,
    10,
    10,
    5,
    9,
    4,
    5,
    1,
    8,
    3,
    9,
    15,
    15,
    8,
    15,
    8,
    4,
    15,
    12,
    2,
    2,
    1,
    4,
    3,
    9,
    15,
    15,
    9,
    1,
    5,
    2,
    2,
    7,
    1,
    15,
    4,
    4,
    4,
    6,
    5,
    15,
    2,
    15,
    6,
    8,
    3,
    11,
    11,
    15,
    5,
    8,
    6,
    2,
    10,
    8,
    15,
    15,
    5,
    2,
    7,
    1,
    2,
    8,
    15,
    9,
    7,
    1,
    15
  ],
  "training_losses": [],
  "epsilon_history": [
    0.4729870887386819,
    0.4720418238053738,
    0.4685138744175568,
    0.46640977369183984,
    0.4657105087803312,
    0.46431512250455853,
    0.46222987841773666,
    0.4587752616139788,
    0.45534646394874495,
    0.4551187907167706,
    0.45239557493081933,
    0.4490144578112347,
    0.44565861050773553,
    0.4423278441585987,
    0.4390219713136172,
    0.43574080592355074,
    0.4342179988366364,
    0.4333502139488796,
    0.4301114381775157,
    0.4292518602532892,
    0.42604371478560227,
    0.42349447051515093,
    0.4218034541317749,
    0.42011918998864733,
    0.4188604068157398,
    0.4184416511240258,
    0.41823243029846385,
    0.4180233140833146,
    0.41635414406584503,
    0.4161459669938122,
    0.41303577244015405,
    0.4101538998295834,
    0.4097438484682288,
    0.4076997327034001,
    0.40566581455172807,
    0.40465266367292974,
    0.4028353643147069,
    0.40203029763773157,
    0.40102622646696917,
    0.4008257133537357,
    0.3992252134762873,
    0.3986266750250799,
    0.3968364384451,
    0.3938705595770167,
    0.3909268471145554,
    0.38936587347924884,
    0.38645582817033086,
    0.38491270734494615,
    0.3841434591068851,
    0.3812724451139623,
    0.3789910909654171,
    0.37861219462222445,
    0.3782336770806509,
    0.37804456024211064,
    0.37728903799946817,
    0.37672338736208644,
    0.3750315186768131,
    0.3722286055661447,
    0.3694466408865139,
    0.367787452146011,
    0.367603558419938,
    0.3666854680733947,
    0.3663188742766884,
    0.3659526469821303,
    0.3646737323688471,
    0.3644913955026627,
    0.36176725723613834,
    0.36104426519169097,
    0.3603227180472059,
    0.3596026129150498,
    0.35852515268743373,
    0.35762973567055256,
    0.3549568801238706,
    0.35460201198296676,
    0.3519517850581387,
    0.3508972486426088,
    0.3494961134740328,
    0.34897213138221994,
    0.3470575758360667,
    0.3451535240597269,
    0.3425739133080926,
    0.3417183345314954,
    0.34035385083117736,
    0.33933406475505895,
    0.33899481552382016,
    0.33730365005740026,
    0.3359567942230708,
    0.3334459180533335,
    0.3309538076869619,
    0.330127250138675,
    0.3297972054203489,
    0.3286446451945647,
    0.32848032287196743,
    0.3281519246691762,
    0.326841611738344,
    0.32439886068135115,
    0.32294198199439667,
    0.32181337909065694,
    0.3216524724011116,
    0.31924850396893056
  ],
  "best_mean_reward": 7865.173391922499
}