{
  "episode": 699,
  "total_steps": 3031,
  "timestamp": "2025-12-21T17:15:54.610281",
  "episode_rewards": [
    -50.828430210338375,
    420.0,
    -100.54811163881517,
    530.0,
    -55.52227140348347,
    507.30047764647094,
    -28.984482934784992,
    -32.58729447247481,
    430.0,
    -82.59585760322629,
    -34.40785214159213,
    -34.24717051797094,
    -25.862279918783912,
    -15.65925726976248,
    -20.986231290873313,
    -32.03988864274287,
    456.2759630823573,
    531.0732986380108,
    -89.73366211820479,
    430.0,
    -25.848422166988563,
    53.25873274654671,
    520.4829764597358,
    -9.574009284648042,
    -39.05486202200394,
    -97.28090137703056,
    530.0,
    1845.474619301178,
    -63.402321920613545,
    499.2058804143602,
    488.4371175721498,
    -13.237902615116909,
    337.6983635468066,
    505.8270314039013,
    -82.92051685149853,
    430.0,
    -49.9709150614905,
    -46.675564960190655,
    41.1329471302401,
    435.0400676436279,
    430.68369343244234,
    -111.18523818086051,
    508.15620007172237,
    407.66137030971765,
    373.2262536458252,
    -20.301212677312567,
    568.5446927118044,
    526.6153435310687,
    430.2509172852409,
    -46.35191614113221,
    416.3966802417667,
    -76.59479570213881,
    410.8116575420785,
    477.17931693521405,
    619.515519344624,
    -86.77984676605692,
    -32.220134298343055,
    517.8801831926476,
    443.00160400033394,
    -74.21402805621499,
    -51.98090222634172,
    -64.25550669061585,
    -27.26685922318096,
    349.77826461542907,
    -66.8795204878316,
    -62.50522183448814,
    489.7565116006826,
    477.34093777520604,
    409.33856121252643,
    464.005978092558,
    430.0,
    541.5322023624898,
    -66.92412522956481,
    499.0294974975725,
    25.72591203152311,
    370.7741520683033,
    -29.155378628963106,
    530.0,
    451.69790226739906,
    537.1955186110291,
    -13.704211719667146,
    540.2293242214386,
    -101.13568936972192,
    -56.05755750207595,
    380.0,
    -48.65322932983216,
    -73.63617050330856,
    -52.28702340462072,
    -72.854430893384,
    -28.378963651085385,
    -79.7768254164528,
    -113.0179767919966,
    -143.28894250128016,
    114.06605130660523,
    -77.3880133955108,
    530.0,
    457.3466298358764,
    430.0,
    -62.875803302336706,
    -19.966881679488708
  ],
  "episode_lengths": [
    5,
    3,
    13,
    1,
    4,
    3,
    4,
    4,
    2,
    4,
    4,
    5,
    5,
    5,
    4,
    6,
    5,
    2,
    4,
    2,
    5,
    5,
    2,
    5,
    6,
    5,
    1,
    8,
    5,
    4,
    4,
    4,
    4,
    4,
    7,
    2,
    6,
    9,
    5,
    3,
    4,
    4,
    2,
    3,
    5,
    6,
    6,
    3,
    4,
    4,
    3,
    4,
    4,
    2,
    3,
    4,
    5,
    4,
    2,
    5,
    5,
    6,
    5,
    5,
    4,
    5,
    3,
    5,
    5,
    3,
    2,
    2,
    7,
    5,
    4,
    4,
    7,
    1,
    4,
    2,
    5,
    3,
    4,
    5,
    4,
    6,
    4,
    10,
    7,
    7,
    4,
    4,
    4,
    4,
    5,
    1,
    7,
    2,
    4,
    5
  ],
  "training_losses": [
    13.114923477172852,
    21.31491470336914,
    22.66259765625,
    33.77683639526367,
    31.673166275024414,
    30.828683853149414,
    10.982175827026367,
    4.83904504776001,
    15.761831283569336,
    26.69765281677246,
    29.53680992126465,
    9.69858455657959,
    19.43116569519043,
    21.733531951904297,
    7.093230247497559,
    11.636588096618652,
    51.012027740478516,
    6.936086654663086,
    30.84850311279297,
    12.897378921508789,
    14.15217399597168,
    15.671428680419922,
    30.838712692260742,
    23.245702743530273,
    24.443758010864258,
    6.756752967834473,
    32.67251968383789,
    11.013696670532227,
    19.979656219482422,
    10.64017105102539,
    16.26226806640625,
    24.36307144165039,
    15.136759757995605,
    16.36397933959961,
    18.03850555419922,
    13.767301559448242,
    20.003921508789062,
    11.046645164489746,
    2.1142494678497314,
    13.989452362060547,
    11.097479820251465,
    5.291041374206543,
    28.619216918945312,
    14.680869102478027,
    18.279617309570312,
    16.034528732299805,
    27.806739807128906,
    26.561922073364258,
    18.978713989257812,
    15.852906227111816,
    33.45588684082031,
    7.101016998291016,
    16.63762092590332,
    23.386398315429688,
    30.041196823120117,
    6.523509502410889,
    15.872852325439453,
    44.676658630371094,
    23.99468231201172,
    14.946157455444336,
    29.21141242980957,
    19.558252334594727,
    16.1476993560791,
    10.571489334106445,
    12.665231704711914,
    3.908939838409424,
    20.109912872314453,
    32.037994384765625,
    20.55649757385254,
    24.735286712646484,
    1.9545670747756958,
    6.51613712310791,
    27.00765609741211,
    21.328609466552734,
    18.68018913269043,
    10.253372192382812,
    32.607513427734375,
    27.84046745300293,
    7.37174654006958,
    13.611644744873047,
    16.340068817138672,
    19.730878829956055,
    30.19149398803711,
    13.525773048400879,
    3.480633497238159,
    12.594822883605957,
    6.310819625854492,
    23.992807388305664,
    12.720061302185059,
    23.11543846130371,
    34.663028717041016,
    8.139749526977539,
    34.09771728515625,
    17.310251235961914,
    13.439505577087402,
    36.71355438232422,
    6.728772163391113,
    5.633849143981934,
    19.833351135253906,
    36.54240417480469,
    13.530518531799316,
    46.190269470214844,
    49.013816833496094,
    19.72188949584961,
    11.328097343444824,
    19.942195892333984,
    21.610713958740234,
    28.837135314941406,
    12.973953247070312,
    23.223291397094727,
    4.204812049865723,
    24.924198150634766,
    20.55925941467285,
    9.092828750610352,
    21.312665939331055,
    6.407248020172119,
    16.287437438964844,
    16.902278900146484,
    10.248379707336426,
    4.585243225097656,
    30.020753860473633,
    24.340723037719727,
    16.857669830322266,
    17.104534149169922,
    30.84161949157715,
    17.104246139526367,
    8.460126876831055,
    27.334346771240234,
    7.741787910461426,
    18.086380004882812,
    16.30252456665039,
    18.64265251159668,
    13.814055442810059,
    41.604644775390625,
    5.3606696128845215,
    20.405414581298828,
    8.261737823486328,
    30.48729133605957,
    21.656314849853516,
    8.523307800292969,
    15.605325698852539,
    12.58767318725586,
    13.730764389038086,
    10.665227890014648,
    24.665199279785156,
    22.21280288696289,
    16.753732681274414,
    21.5235595703125,
    21.695159912109375,
    23.045551300048828,
    9.548543930053711,
    38.41979217529297,
    2.1219301223754883,
    17.402050018310547,
    20.925880432128906,
    36.873592376708984,
    27.098709106445312,
    19.175140380859375,
    5.104052543640137,
    19.714122772216797,
    19.91924285888672,
    8.690680503845215,
    10.780113220214844,
    13.781455993652344,
    10.023637771606445,
    15.293237686157227,
    40.01610565185547,
    31.280838012695312,
    23.949548721313477,
    38.411808013916016,
    6.24191951751709,
    14.975339889526367,
    18.67258644104004,
    44.359527587890625,
    8.217700004577637,
    15.880866050720215,
    19.004026412963867,
    5.346820831298828,
    13.537487030029297,
    8.500249862670898,
    34.73554611206055,
    11.523330688476562,
    24.444915771484375,
    16.815914154052734,
    5.180373191833496,
    25.949031829833984,
    5.496809005737305,
    10.21464729309082,
    8.952657699584961,
    2.775254011154175,
    17.559885025024414,
    16.743654251098633,
    16.97724151611328,
    35.05519485473633,
    16.46117401123047,
    9.28304386138916,
    19.022964477539062,
    12.515876770019531,
    22.328166961669922,
    20.88433074951172,
    11.485044479370117,
    11.963021278381348,
    10.475430488586426,
    16.80569839477539,
    11.402236938476562,
    25.409236907958984,
    7.001075267791748,
