{
  "episode": 599,
  "total_steps": 5118,
  "timestamp": "2025-12-01T01:41:32.122127",
  "episode_rewards": [
    260.0,
    256.7502719195088,
    -5328.442004832716,
    16517.683468594412,
    223.0652399634395,
    17956.79643737484,
    11801.173359429999,
    21723.776668530267,
    8444.394616321906,
    260.0,
    20118.938398171118,
    12484.349916193652,
    8109.996866151572,
    19853.83580272238,
    5180.867405547314,
    16770.027857409535,
    8583.701066019748,
    12516.647620663733,
    10311.884317605076,
    18347.030090178163,
    17434.643225438365,
    297.57458975850255,
    4461.697910511934,
    228.88039956131902,
    15343.389989491354,
    25240.26018681192,
    232.93580767378046,
    2931.9866445735024,
    15589.795375579532,
    7019.669473727246,
    260.0,
    258.4410069687745,
    8484.539161191158,
    22733.410950494686,
    8289.678516184242,
    260.0,
    16945.262097769435,
    18627.941066294097,
    5012.607821864988,
    27410.959969097417,
    256.30832657781957,
    260.0,
    224.77870463197274,
    16597.912880055188,
    188.96846097820213,
    13202.597660665604,
    14629.326528325462,
    4708.36933553151,
    8288.380365256751,
    25601.530783057413,
    17734.675444854638,
    11210.65168824212,
    16462.659742924796,
    260.0,
    27817.959635119667,
    29626.489219153733,
    22648.23185187918,
    11843.686230762893,
    25584.48040281659,
    233.05949601943487,
    17843.096838756377,
    8688.395848437445,
    17430.89731587518,
    23190.114485568687,
    23667.628229395843,
    12750.174964406495,
    20844.668786197268,
    24948.15060836845,
    957.4272892366389,
    233.0652399634395,
    260.0,
    594.4458445648738,
    248.95612435386732,
    256.09982202848715,
    15608.079518069873,
    259.00344947241274,
    18782.617935174927,
    13214.310098682858,
    16871.926615039454,
    260.0,
    12989.137342052618,
    9537.09400017527,
    9836.332444654556,
    4475.79092752959,
    18305.577861698854,
    21059.434119234284,
    13753.453244871058,
    4626.513157690077,
    22561.136743689854,
    19259.57088942887,
    27554.382427546087,
    232.93580767378046,
    16077.50806020955,
    255.87298806795437,
    6721.3666142528045,
    6456.008030084861,
    191.14977691584537,
    230.0,
    1472.1619550856321,
    14191.716362039559
  ],
  "episode_lengths": [
    1,
    2,
    15,
    11,
    4,
    15,
    7,
    15,
    4,
    1,
    15,
    9,
    4,
    11,
    2,
    15,
    9,
    12,
    13,
    15,
    15,
    4,
    3,
    3,
    7,
    15,
    4,
    5,
    11,
    8,
    1,
    2,
    6,
    15,
    9,
    1,
    9,
    15,
    8,
    15,
    2,
    1,
    2,
    15,
    3,
    15,
    15,
    15,
    9,
    15,
    10,
    15,
    11,
    1,
    15,
    13,
    15,
    15,
    15,
    4,
    15,
    5,
    15,
    15,
    13,
    14,
    15,
    15,
    3,
    4,
    1,
    4,
    4,
    2,
    15,
    2,
    15,
    10,
    15,
    1,
    15,
    15,
    11,
    15,
    15,
    15,
    10,
    4,
    15,
    15,
    15,
    4,
    15,
    2,
    4,
    8,
    2,
    1,
    5,
    15
  ],
  "training_losses": [
    691.9423828125,
    727.31982421875,
    812.76806640625,
    657.552734375,
    885.2640380859375,
    605.700927734375,
    587.0072021484375,
    790.1142578125,
    643.740234375,
    1035.0672607421875,
    653.2146606445312,
    830.805419921875,
    527.9888916015625,
    690.0274047851562,
    484.2935791015625,
    812.9249877929688,
    592.1055908203125,
    598.9663696289062,
    534.2567749023438,
    442.2032775878906,
    586.1690673828125,
    623.8241577148438,
    470.605712890625,
    378.3650817871094,
    385.035400390625,
    407.74615478515625,
    703.4796142578125,
    631.0091552734375,
    527.5693359375,
    419.22125244140625,
    714.2315673828125,
    560.3516845703125,
    472.6519470214844,
    464.5731201171875,
    707.1087646484375,
    482.4140930175781,
    474.6510009765625,
    476.84259033203125,
    414.00360107421875,
    572.5410766601562,
    483.1739807128906,
    505.949951171875,
    612.548828125,
    435.71136474609375,
    461.51055908203125,
    462.8194580078125,
    399.69866943359375,
    561.8763427734375,
    674.195556640625,
    403.43621826171875,
    373.55474853515625,
    340.26885986328125,
    443.2255859375,
    520.427978515625,
    439.6223449707031,
    396.7408447265625,
    641.18408203125,
    555.1905517578125,
    598.7402954101562,
    353.5799255371094,
    567.64111328125,
    366.5181884765625,
    381.5506591796875,
    323.4775390625,
    335.33782958984375,
    498.42889404296875,
    321.3363037109375,
    608.4989624023438,
    524.5354614257812,
    402.62969970703125,
    342.9833679199219,
    406.4144287109375,
    419.64306640625,
    351.1270751953125,
    502.1108703613281,
    344.98944091796875,
    691.53515625,
    577.05908203125,
    427.9784240722656,
    352.01446533203125,
    360.49517822265625,
    382.7525634765625,
    494.841796875,
    347.3713073730469,
    294.7672424316406,
    392.16668701171875,
    409.7577819824219,
    380.014892578125,
    350.5028076171875,
    315.3943176269531,
    363.5482482910156,
    457.3869323730469,
    462.75408935546875,
    431.8867492675781,
    458.8607177734375,
    336.3443603515625,
    412.709716796875,
    485.2991943359375,
    308.3553466796875,
    300.2308349609375,
    395.0990295410156,
    278.31878662109375,
    373.7498474121094,
    159.62315368652344,
    385.956298828125,
    485.5687561035156,
    333.2492980957031,
    398.11468505859375,
    472.224365234375,
    439.8019104003906,
    250.38644409179688,
    299.6546936035156,
    428.00787353515625,
    292.980712890625,
    415.60504150390625,
    268.11865234375,
    263.2796630859375,
    305.51739501953125,
    291.552001953125
  ],