{
  "episode": 599,
  "total_steps": 2596,
  "timestamp": "2025-12-21T17:14:39.578003",
  "episode_rewards": [
    -123.61887272690218,
    -82.38004293790941,
    55.35031105843481,
    -88.45388986425135,
    527.8891273540305,
    -65.6338385574353,
    -66.71165086388291,
    465.7904857955996,
    -34.411031755927304,
    -7.112966992283887,
    423.39414509440644,
    499.2551522112909,
    -72.54714555665285,
    -39.219043218849826,
    -61.934136161736475,
    500.23798288775697,
    150.36688550195174,
    487.19882200012466,
    -166.49903907975116,
    430.0,
    -69.12167584576272,
    -28.122813873688806,
    -87.00093960004321,
    530.0,
    1.1385466452693898,
    491.752573426381,
    430.0,
    -160.33849998565398,
    408.5439566187704,
    530.0,
    530.0,
    530.0146333126881,
    -66.66234400083002,
    439.4741521895611,
    430.0,
    -28.16587592867664,
    539.3658442119852,
    -25.545859590987718,
    533.0616975802976,
    -53.82697875735943,
    -46.23911338445967,
    477.1869246145984,
    -103.0306921188147,
    530.0,
    525.9781689236053,
    -31.032548135442468,
    -104.83706874042714,
    430.0,
    530.0,
    530.0,
    523.094393088475,
    -78.17811186329476,
    -193.18788804018806,
    522.918224881769,
    -167.31597209077762,
    430.0,
    530.0,
    417.99707611177695,
    -87.44284636129537,
    842.3395548837789,
    -31.33754640426352,
    46.97749016881558,
    -43.298798901737335,
    576.4571067929685,
    430.0,
    480.57521006418676,
    530.0,
    389.9490545282508,
    -45.30402529147664,
    469.41788062670656,
    -44.64508325779571,
    403.290488895121,
    456.2419888075018,
    -142.2606134987724,
    -29.173705363030244,
    599.8674876171004,
    530.2183419155409,
    502.0354982367398,
    469.81455630804516,
    -114.54858957276076,
    440.57130382716554,
    -89.93671294211151,
    -32.88939555677529,
    452.3996477303553,
    545.0247523453905,
    420.0,
    -39.549894981759294,
    513.8297495567159,
    -20.32281328664387,
    -17.850918506006522,
    430.0,
    430.0,
    -151.69633040498607,
    403.33973625477984,
    474.56001381213486,
    870.0,
    433.43837078675494,
    634.2787303636061,
    -57.255189364331365,
    430.0
  ],
  "episode_lengths": [
    4,
    5,
    6,
    5,
    2,
    4,
    4,
    5,
    7,
    5,
    5,
    4,
    4,
    4,
    6,
    6,
    7,
    4,
    4,
    2,
    7,
    4,
    5,
    1,
    4,
    2,
    2,
    4,
    4,
    1,
    1,
    2,
    6,
    5,
    2,
    4,
    2,
    8,
    2,
    8,
    4,
    4,
    4,
    1,
    4,
    4,
    4,
    2,
    1,
    1,
    2,
    7,
    4,
    2,
    4,
    2,
    1,
    9,
    5,
    3,
    4,
    5,
    4,
    4,
    2,
    5,
    1,
    3,
    4,
    2,
    5,
    4,
    3,
    4,
    5,
    5,
    2,
    2,
    7,
    4,
    2,
    5,
    4,
    5,
    5,
    3,
    6,
    2,
    5,
    5,
    2,
    2,
    5,
    4,
    3,
    7,
    4,
    4,
    4,
    2
  ],
  "training_losses": [
    11.847233772277832,
    24.361289978027344,
    25.474143981933594,
    24.60765266418457,
    16.66055679321289,
    25.97210693359375,
    5.714023590087891,
    8.121936798095703,
    24.61235809326172,
    33.849491119384766,
    10.08810043334961,
    16.583641052246094,
    16.388036727905273,
    16.634227752685547,
    4.780701160430908,
    13.287182807922363,
    28.068559646606445,
    13.629661560058594,
    9.413961410522461,
    19.448883056640625,
    2.734252452850342,
    23.88010597229004,
    6.167843341827393,
    7.60986328125,
    13.89745807647705,
    15.462379455566406,
    9.918913841247559,
    11.35990047454834,
    36.8736572265625,
    6.275094509124756,
    6.142871856689453,
    9.817089080810547,
    13.38566780090332,
    7.293806076049805,
    8.349058151245117,
    11.78837776184082,
    20.3154354095459,
    5.720714569091797,
    30.252361297607422,
    21.887096405029297,
    25.4208984375,
    16.63755226135254,
    2.9337024688720703,
    10.236810684204102,
    14.015138626098633,
    14.576752662658691,
    5.150854110717773,
    8.62984848022461,
    27.953210830688477,
    30.28841781616211,
    13.574735641479492,
    21.596885681152344,
    22.023006439208984,
    5.628750324249268,
    6.015089988708496,
    13.015666961669922,
    2.0113306045532227,
    27.57406234741211,
    14.338698387145996,
    11.665203094482422,
    11.914793968200684,
    3.24141788482666,
    20.6768741607666,
    24.951553344726562,
    20.1856746673584,
    7.263894557952881,
    22.11896514892578,
    3.77666974067688,
    2.506680727005005,
    12.639291763305664,
    9.101743698120117,
    40.2406005859375,
    10.250473976135254,
    13.844842910766602,
    12.508898735046387,
    15.281673431396484,
    5.112522602081299,
    19.118629455566406,
    8.52265453338623,
    7.875638961791992,
    4.388861179351807,
    19.472984313964844,
    20.195598602294922,
    5.982028961181641,
    35.926727294921875,
    16.86909294128418,
    18.81900405883789,
    6.782346725463867,
    31.55467987060547,
    27.18531036376953,
    3.522596597671509,
    12.26285171508789,
    12.712974548339844,
    13.08209228515625,
    3.793095350265503,
    4.2802653312683105,
    5.5012102127075195,
    11.721035957336426,
    42.933929443359375,
    16.208011627197266,
    3.1581506729125977,
    4.488248825073242,
    14.078682899475098,
    7.8740997314453125,
    16.39376449584961,
    23.137903213500977,
    27.03264808654785,
    10.2190580368042,
    10.914216041564941,
    10.158428192138672,
    33.376895904541016,
    19.6163387298584,
    14.250442504882812,
    9.645448684692383,
    20.890710830688477,
    19.2780818939209,
    11.083052635192871,
    12.385198593139648,
    16.223966598510742,
    17.81511688232422,
    2.4007301330566406,
    14.933565139770508,
    32.654170989990234,
    11.381221771240234,
    19.401756286621094,
    13.037860870361328,
    5.619598388671875,
    8.618667602539062,
    11.32667350769043,
    9.185367584228516,
    12.762425422668457,
    12.640710830688477,
    11.635074615478516,
    9.090066909790039,
    28.549320220947266,
    19.968229293823242,
    5.574652671813965,
    17.49379539489746,
    12.794760704040527,
    10.594841003417969,
    15.273552894592285,
    10.984598159790039,
    31.0956974029541,
    17.065021514892578,
    11.251579284667969,
    9.408653259277344,
    30.046905517578125,
    11.735045433044434,
    12.513055801391602,
    9.710816383361816,
    13.034412384033203,
    9.689619064331055,
    22.481121063232422,
    44.26368713378906,
    19.849952697753906,
    6.570509433746338,
    13.984428405761719,
    10.273043632507324,
    37.13722229003906,
    7.851000785827637,
    2.5673956871032715,
    5.380229949951172,
    15.530402183532715,
    21.835487365722656,
    6.947075366973877,
    16.859548568725586,
    1.524328589439392,
    8.114473342895508,
    10.12542724609375,
    24.641098022460938,
    9.314640045166016,
    5.769713878631592,
    2.082937002182007,
    9.177911758422852,
    6.645088195800781,
    18.416563034057617,
    10.735207557678223,
    8.457894325256348,
    30.87481117248535,
    9.253077507019043,
    13.522069931030273,
    4.1171770095825195,
    15.707914352416992,
    17.036483764648438,
    24.98495101928711,
    25.920700073242188,
    13.594520568847656,
    8.79702377319336,
    13.129715919494629,
    36.448387145996094,
    9.091924667358398,
    10.315793991088867,
    16.41048812866211,
    33.89020919799805,
    3.307340145111084,
    6.820659637451172,
    4.746359348297119,
    10.6445951461792,
    27.975805282592773,
    14.264467239379883,
    4.5221943855285645,
    3.3742547035217285,
    9.94846248626709,
    14.875625610351562,
    24.628582000732422,
    8.241445541381836,
    6.505642890930176,
    17.702011108398438,
    30.07012939453125,
    24.249120712280273,
    30.7665958404541,
    11.896992683410645,
    8.434720039367676,
