{
  "episode": 999,
  "total_steps": 6902,
  "timestamp": "2025-12-01T01:41:48.079681",
  "episode_rewards": [
    9620.421811630098,
    260.0,
    260.0,
    222.3202316319471,
    260.0,
    637.0025365091476,
    260.0,
    258.7600980553588,
    260.0,
    260.0,
    6768.1830477375925,
    227.90994795369167,
    1623.8428156840691,
    260.0,
    260.0,
    260.0,
    6111.197573359736,
    1150.822603120605,
    3045.8168697517985,
    260.0,
    189.90994795369167,
    260.0,
    13858.119901335078,
    260.0,
    260.0,
    260.0,
    258.7520973646151,
    260.0,
    260.0,
    260.0,
    260.0,
    260.0,
    232.3307561444259,
    260.0,
    8862.493812734034,
    190.0,
    260.0,
    9317.35884490477,
    260.0,
    260.0,
    215.63723802849543,
    230.0,
    260.0,
    260.0,
    260.0,
    225.0,
    12457.51826227916,
    7423.0147150579505,
    235.0,
    260.0,
    7249.7024644383055,
    260.0,
    260.0,
    260.0,
    8803.929580645863,
    1623.8428156840691,
    11106.74160506847,
    10221.89163705176,
    260.0,
    260.0,
    3045.8168697517985,
    225.0,
    260.0,
    260.0,
    220.0,
    20961.329499971285,
    260.0,
    260.0,
    260.0,
    10237.0031148508,
    260.0,
    260.0,
    25869.628586687042,
    260.0,
    260.0,
    10226.464870570666,
    260.0,
    258.1939771236547,
    643.0025365091476,
    222.3202316319471,
    29701.388783905397,
    260.0,
    13971.319475973327,
    6705.0850615976315,
    5595.303716804446,
    190.0,
    10221.89163705176,
    36806.833335924995,
    256.83221219862185,
    200.0,
    260.0,
    260.0,
    260.0,
    260.0,
    220.0,
    200.0,
    260.0,
    8953.781767040702,
    5684.8145617820865,
    260.0
  ],
  "episode_lengths": [
    4,
    1,
    1,
    2,
    1,
    6,
    1,
    2,
    1,
    1,
    4,
    2,
    3,
    1,
    1,
    1,
    4,
    3,
    4,
    1,
    2,
    1,
    15,
    1,
    1,
    1,
    2,
    1,
    1,
    1,
    1,
    1,
    2,
    1,
    5,
    1,
    1,
    4,
    1,
    1,
    3,
    1,
    1,
    1,
    1,
    1,
    15,
    15,
    1,
    1,
    6,
    1,
    1,
    1,
    5,
    3,
    4,
    4,
    1,
    1,
    4,
    1,
    1,
    1,
    1,
    8,
    1,
    1,
    1,
    4,
    1,
    1,
    9,
    1,
    1,
    4,
    1,
    2,
    6,
    2,
    15,
    1,
    15,
    3,
    3,
    1,
    4,
    15,
    3,
    1,
    1,
    1,
    1,
    1,
    1,
    1,
    1,
    4,
    4,
    1
  ],
  "training_losses": [
    109.77885437011719,
    126.40465545654297,
    23.954198837280273,
    54.47936248779297,
    26.317548751831055,
    65.61849212646484,
    43.96954345703125,
    140.94400024414062,
    29.25973892211914,
    44.71717071533203,
    65.72359466552734,
    26.18971061706543,
    155.73806762695312,
    24.22333335876465,
    109.32589721679688,
    74.6611557006836,
    132.68846130371094,
    130.37228393554688,
    52.002601623535156,
    58.3953971862793,
    28.635061264038086,
    29.83621597290039,
    61.36474609375,
    148.32493591308594,
    26.779226303100586,
    44.782493591308594,
    103.11457824707031,
    131.2633056640625,
    30.433731079101562,
    98.683837890625,
    27.091583251953125,
    55.70205307006836,
    156.5084686279297,
    26.930744171142578,
    51.13828659057617,
    1459.989013671875,
    24.234901428222656,
    46.603126525878906,
    125.6392822265625,
    146.82916259765625,
    27.01723861694336,
    20.8353271484375,
    32.03580093383789,
    34.192955017089844,
    13.463478088378906,
    26.916629791259766,
    274.01611328125,
    23.842479705810547,
    23.83323860168457,
    25.685455322265625,
    63.93315887451172,
    78.39989471435547,
    86.88999938964844,
    104.0553970336914,
    44.00151062011719,
    33.021854400634766,
    106.42970275878906,
    57.1731071472168,
    141.30345153808594,
    175.902587890625,
    40.4781608581543,
    55.302337646484375,
    385.0015869140625,
    26.416671752929688,
    93.91776275634766,
    25.292469024658203,
    58.363616943359375,
    25.2474365234375,
    30.036277770996094,
    25.766691207885742,
    94.60704040527344,
    188.3376007080078,
    111.90695190429688,
    220.87033081054688,
    33.08377456665039,
    36.76374816894531,
    356.8990783691406,
    27.56856346130371,
    85.62394714355469,
    95.45053100585938,
    28.220462799072266,
    26.173545837402344,
    112.43997955322266,
    339.83135986328125,
    97.42631530761719,
    166.55409240722656,
    25.764236450195312,
    52.57120132446289,
    122.52113342285156,
    25.530475616455078,
    16.407947540283203,
    106.97026062011719,
    31.933725357055664,
    85.75721740722656,
    79.7553939819336,
    126.11064147949219,
    25.71215057373047,
    68.25213623046875,
    98.34463500976562,
    20.921110153198242,
    37.002525329589844,
    24.997663497924805,
    25.963153839111328,
    71.16865539550781,
    139.89273071289062,
    28.545188903808594,
    18.539220809936523,
    29.674230575561523,
    12.703690528869629,
    99.35116577148438,
    24.934467315673828,
    18.22174072265625,
    45.808189392089844,
    96.22306060791016,
    78.97134399414062,
    64.18006896972656,
    65.01504516601562,
    40.2807502746582,
    99.13726806640625,
    66.29853057861328,
    62.91017150878906,
    26.78634262084961,
    89.4159927368164,
    54.592735290527344,
    49.197654724121094,
    26.76361083984375,
    177.2659149169922,
    27.63901138305664,
    32.12776565551758,
    318.689453125,
    6.4665021896362305,
    21.429168701171875,
    27.498807907104492,
    36.14934539794922,
    89.7081527709961,
    25.70703887939453,
    177.50582885742188,
    26.048885345458984,
    53.91796112060547,
    24.16571044921875,
    23.390663146972656,
    100.91686248779297,
    56.254173278808594,
    106.48908996582031,
    29.894622802734375,
    33.720401763916016,
    97.32408905029297,
    95.87295532226562,
    41.0379524230957,
    24.91440773010254,
    116.17180633544922,
    177.05279541015625,
    54.30205535888672,
    62.79955291748047,
    60.661376953125,
    174.54910278320312,
    25.503284454345703,
    98.38035583496094,
    26.247451782226562,
    133.22802734375,
    67.66980743408203,
    44.72358703613281,
    19.311607360839844,
    66.51454162597656,
    282.4212951660156,
    22.055620193481445,
    38.181365966796875,
    24.683643341064453,
    39.71589660644531,
    65.60105895996094,
    69.927001953125,
    50.07646942138672,
    130.38169860839844,
    152.9210968017578,
    143.0999298095703,
    23.97488784790039,
    28.055593490600586,
    158.95025634765625,
    11.566829681396484,
    40.27748107910156,
    51.059200286865234,
    79.27079010009766,
    25.60843276977539,
    166.71279907226562,
    56.10359191894531,
    348.61114501953125,
    63.20797348022461,
    26.693622589111328,
    75.86280822753906,
    127.97513580322266,
    246.656005859375,
    76.94956970214844,
    50.93706130981445,
    101.5875244140625,
    22.60026741027832,
    44.307857513427734,
    191.30543518066406,
    67.578369140625,
    26.101842880249023,
    99.74744415283203,
    24.24272918701172,
    27.129430770874023,
    59.87147521972656,
    26.759553909301758,
    58.81256866455078,
    99.84947967529297,
    46.25978469848633,
    25.87645149230957,
    27.464292526245117,
    139.0985565185547,
    50.88477325439453,
    28.47062873840332,
    102.9955825805664,
    53.351219177246094,
    169.7213592529297,
    47.84879684448242,
    27.519731521606445,
    23.419506072998047,
    75.98902893066406,
    107.54069519042969,
    28.182056427001953,
    181.61746215820312,
    25.742591857910156,
    165.65232849121094,
    92.52114868164062,
    45.21697998046875,
    100.3597640991211,
    27.696083068847656,
    26.431324005126953,
    23.446666717529297,
    23.179271697998047,
    24.702272415161133,
    75.50471496582031,
    147.66372680664062,
    58.27605438232422,
    48.59038162231445,
