{
  "episode": 699,
  "total_steps": 5775,
  "timestamp": "2025-12-01T01:41:38.135527",
  "episode_rewards": [
    233.0652399634395,
    27189.26419138706,
    27892.07983631283,
    19270.02961717315,
    260.0,
    259.47616853481225,
    11284.950402041024,
    28103.187421766037,
    21104.39365911715,
    260.0,
    259.00070978516106,
    188.1723197558781,
    260.0,
    260.0,
    256.4366012843636,
    20338.108838027427,
    17991.153131243616,
    260.0,
    1402.408630154941,
    8262.402701427727,
    192.72641281043911,
    12168.69260075123,
    19149.252401656493,
    19136.305431025685,
    8651.951955380124,
    235.0,
    3158.639192990587,
    11291.326928361186,
    235.0,
    13907.554405041505,
    235.0,
    1953.445146353906,
    5215.925747095469,
    9345.878574156643,
    3934.6262550642036,
    260.0,
    260.0,
    2636.5021222151317,
    215.96120672068,
    4832.23306695393,
    260.0,
    260.0,
    190.0,
    260.0,
    3347.62643717052,
    236.72721287888464,
    183.78077439246331,
    225.0,
    9451.052958296308,
    183.77728695789077,
    236.30832657781954,
    260.0,
    19504.51781499375,
    12128.365063020163,
    12498.411604353209,
    20963.715123761547,
    17232.70788960014,
    2036.3444886439318,
    10879.110008114527,
    25016.825968390458,
    256.9037169516992,
    3541.2585882060844,
    267.1188807717565,
    348.0303563718602,
    9806.236844487677,
    17790.124627449153,
    260.0,
    10832.175063169188,
    312.8343790894977,
    260.0,
    5390.418464043005,
    4492.509900863587,
    12011.55881019313,
    2189.5310551077896,
    235.0,
    175.79715498010128,
    198.27616345939873,
    5202.0942634660905,
    13164.65647080615,
    4172.714590105251,
    20007.422483440863,
    11316.920255148154,
    30909.861732999772,
    199.96846097820213,
    210.0,
    5881.34461497109,
    7416.663080999335,
    260.0,
    260.0,
    230.0,
    220.0,
    3929.001641423847,
    18808.426068621673,
    215.98232344178544,
    17061.605676201692,
    220.0,
    220.0,
    260.0,
    258.21358052919544,
    7189.380461198312
  ],
  "episode_lengths": [
    4,
    15,
    15,
    12,
    1,
    2,
    10,
    15,
    15,
    1,
    2,
    2,
    1,
    1,
    2,
    15,
    15,
    1,
    6,
    6,
    3,
    3,
    15,
    15,
    11,
    1,
    7,
    5,
    1,
    15,
    1,
    10,
    14,
    10,
    3,
    1,
    1,
    2,
    4,
    4,
    1,
    1,
    1,
    1,
    2,
    2,
    3,
    1,
    15,
    3,
    2,
    1,
    15,
    15,
    15,
    15,
    15,
    9,
    9,
    15,
    2,
    4,
    5,
    4,
    15,
    15,
    1,
    15,
    3,
    1,
    3,
    15,
    15,
    5,
    1,
    4,
    5,
    2,
    15,
    2,
    15,
    15,
    15,
    3,
    1,
    15,
    2,
    1,
    1,
    1,
    1,
    3,
    15,
    4,
    15,
    1,
    1,
    1,
    2,
    5
  ],
  "training_losses": [
    83.25938415527344,
    274.6900939941406,
    165.530517578125,
    321.3787841796875,
    207.4638671875,
    107.13921356201172,
    579.732177734375,
    131.68881225585938,
    272.5419921875,
    102.63980102539062,
    120.99520874023438,
    231.10862731933594,
    115.18291473388672,
    123.92176055908203,
    110.9930191040039,
    103.3347396850586,
    118.13418579101562,
    158.7012939453125,
    138.72178649902344,
    154.02001953125,
    115.37754821777344,
    238.90841674804688,
    168.69921875,
    423.2689208984375,
    117.10052490234375,
    209.03660583496094,
    111.7841796875,
    100.59170532226562,
    102.76237487792969,
    128.0796661376953,
    78.01319885253906,
    100.72921752929688,
    103.7269287109375,
    189.4409942626953,
    110.16523742675781,
    100.8399887084961,
    111.62884521484375,
    121.82139587402344,
    129.16421508789062,
    159.91339111328125,
    109.55452728271484,
    174.80929565429688,
    303.3406982421875,
    156.57789611816406,
    121.87313079833984,
    102.25361633300781,
    95.60301971435547,
    273.9193420410156,
    147.0289306640625,
    134.93116760253906,
    270.6950378417969,
    104.53274536132812,
    343.93609619140625,
    170.64852905273438,
    178.38070678710938,
    144.36334228515625,
    244.49008178710938,
    263.51910400390625,
    136.3775634765625,
    137.16928100585938,
    132.65960693359375,
    175.98974609375,
    107.17987060546875,
    110.77064514160156,
    138.5897216796875,
    108.56910705566406,
    83.20305633544922,
    93.45152282714844,
    227.16024780273438,
    91.25179290771484,
    129.68736267089844,
    265.6993408203125,
    98.8431396484375,
    90.32953643798828,
    92.87484741210938,
    114.50475311279297,
    102.65043640136719,
    144.79769897460938,
    99.8082504272461,
    199.81594848632812,
    109.67098999023438,
    139.4063720703125,
    116.13113403320312,
    65.67805480957031,
    86.97401428222656,
    112.10823059082031,
    306.22222900390625,
    119.83822631835938,
    79.79225158691406,
    129.64125061035156,
    78.37545013427734,
    169.057861328125,
    207.73220825195312,
    81.81194305419922,
    41.3008918762207,
    148.7320098876953,
    81.65553283691406,
    205.4150848388672,
    78.24659729003906,
    189.0709686279297,
    79.81158447265625,
    78.70623016357422,
    188.58587646484375,
    139.0872344970703,
    80.30545043945312,
    70.31031799316406,
    85.51040649414062,
    117.34552764892578,
    161.4974365234375,
    221.8439483642578,
    193.0191650390625,
    109.81265258789062,
    72.08306884765625,
    75.21180725097656,
    64.94346618652344,
    57.63442611694336,
    67.32374572753906,
    114.08911895751953,
    162.70669555664062,
    74.9854736328125,
    68.81227111816406,
    80.02963256835938,
    161.06185913085938,
    49.271114349365234,
    190.41934204101562,
    115.01566314697266,
    231.5680389404297,
    144.2884979248047,
    333.81005859375,
    213.60183715820312,
    115.63365173339844,
    316.17218017578125,
    161.1774139404297,
    71.3359146118164,
    202.60455322265625,
    182.94119262695312,
    174.04962158203125,
    97.38756561279297,
    78.88876342773438,
    101.44828796386719,
    62.415035247802734,
    64.7968978881836,
    110.86908721923828,
    180.48126220703125,
    78.04913330078125,
    123.18608093261719,
    213.8466796875,
    238.12696838378906,
    69.14552307128906,
    157.8547821044922,
    115.72796630859375,
    61.08409881591797,
    194.31651306152344,
    59.08580780029297,
    292.16827392578125,
    77.52550506591797,
    126.92959594726562,
    197.06045532226562,
    62.41314697265625,
    68.61573028564453,
    58.757408142089844,
    70.52952575683594,
    84.662109375,
    55.515159606933594,
    127.7999267578125,
    107.42335510253906,
    55.126121520996094,
    53.869781494140625,
    55.575347900390625,
    59.07495880126953,
    90.46419525146484,
    92.08074951171875,
    56.066001892089844,
    50.2066764831543,
    59.021087646484375,
    26.980220794677734,
    131.69485473632812,
    226.8675537109375,
    103.89088439941406,
    51.738014221191406,
    53.500633239746094,
    74.24372863769531,
    145.8815155029297,
    56.43136978149414,
    115.66690826416016,
    73.44917297363281,
    71.6211166381836,
    62.774696350097656,
    51.16040802001953,
    210.71144104003906,
    97.37410736083984,
    50.18422317504883,
    96.66109466552734,
    84.84838104248047,
    50.027400970458984,
    86.87480163574219,
    51.606781005859375,
    129.904052734375,
    49.206016540527344,
    69.75769805908203,
    723.6361083984375,
    85.68531799316406,
    46.83246612548828,
    36.28495407104492,
    711.5218505859375,
    148.85984802246094,
    163.0169677734375,
    103.64323425292969,
    122.17488098144531,
    146.53857421875,
    82.18257141113281,
    60.829681396484375,
    42.685516357421875,
    147.86776733398438,
    132.3497314453125,
    110.02783966064453,
    123.84254455566406,
    45.784576416015625,
