{
  "episode": 1699,
  "total_steps": 7658,
  "timestamp": "2025-12-21T17:04:27.307188",
  "episode_rewards": [
    -130.66998368438223,
    -60.96022011908188,
    -129.5438721900946,
    451.64885311835377,
    479.0,
    -26.896405035477922,
    -15.167166012573897,
    -61.911229737552155,
    -159.77412473025873,
    -134.95199669708222,
    -110.49804109879207,
    -190.20665146348668,
    -93.84770195659351,
    -149.20665898168397,
    17.207620052211794,
    -60.562109875905534,
    445.4998213947123,
    -42.63578811810519,
    343.4716672224405,
    -58.59703445561353,
    -40.73005462133586,
    -28.952963337016755,
    471.956734734137,
    -180.9085513435932,
    -25.39824977425198,
    -109.04467013294745,
    -61.19507134898511,
    -27.345227091726528,
    -68.28310434880802,
    -51.083180973637965,
    -141.38588045913303,
    403.18237675049454,
    -86.31793554373303,
    -127.12691748429779,
    -27.38871594760767,
    -31.842996136447766,
    380.0,
    -138.068570160872,
    430.0,
    481.13485840536424,
    -50.10302302806705,
    420.37699389780204,
    96.10315993352683,
    -133.2786737629861,
    -45.13720694443532,
    -131.31457787227487,
    -24.191690629234827,
    -80.25576239899894,
    -63.917083901500064,
    228.8975885996353,
    -126.4543736373987,
    970.0,
    -46.485818365249415,
    460.0,
    -74.28953324867774,
    487.868744901158,
    -192.5787928131846,
    458.7682423336586,
    -122.89733966244127,
    -77.72456085152447,
    -56.31298597162558,
    -25.72949047159817,
    -62.06171944652483,
    -71.50808646131838,
    -122.76851292333144,
    504.71443008018434,
    -72.75657907907636,
    -23.231518806580382,
    -9.761720488421016,
    4.828713254552724,
    430.0,
    -5.6589263269527486,
    -190.20665146348668,
    503.9830499539436,
    -111.7161644773843,
    -73.75918791834131,
    -58.59023111176537,
    430.0,
    -38.81151500890344,
    464.8587911209991,
    446.146519099767,
    532.1966727376872,
    -114.31470659408146,
    -73.09599922456151,
    16.442471846042288,
    430.0,
    441.2243688635824,
    -44.251770528968905,
    142.88465598387984,
    -48.300676837769274,
    -85.48904566355722,
    521.8310446013617,
    -54.63710522381231,
    194.10598080674288,
    -88.7044332914938,
    -230.0,
    430.0,
    -58.60995221231571,
    -126.29778680831822,
    -29.641895914623603
  ],
  "episode_lengths": [
    5,
    5,
    4,
    9,
    4,
    7,
    4,
    4,
    4,
    4,
    4,
    4,
    4,
    4,
    6,
    4,
    2,
    4,
    5,
    7,
    5,
    4,
    4,
    4,
    4,
    5,
    4,
    5,
    6,
    4,
    4,
    3,
    4,
    4,
    4,
    4,
    4,
    4,
    2,
    2,
    5,
    3,
    4,
    4,
    5,
    4,
    8,
    6,
    4,
    4,
    5,
    6,
    5,
    5,
    5,
    2,
    7,
    2,
    5,
    4,
    4,
    5,
    4,
    7,
    4,
    4,
    6,
    5,
    4,
    6,
    2,
    4,
    4,
    4,
    11,
    4,
    8,
    2,
    5,
    4,
    8,
    2,
    5,
    8,
    9,
    2,
    2,
    4,
    7,
    4,
    8,
    2,
    4,
    4,
    6,
    4,
    2,
    6,
    4,
    5
  ],
  "training_losses": [
    14.557412147521973,
    20.76519775390625,
    13.16438102722168,
    7.5480194091796875,
    6.859436988830566,
    3.350888729095459,
    20.27989959716797,
    18.38109588623047,
    17.509675979614258,
    22.774572372436523,
    4.271913528442383,
    18.132118225097656,
    4.8675432205200195,
    9.72747802734375,
    26.46438217163086,
    13.282525062561035,
    30.277006149291992,
    7.470423698425293,
    14.962946891784668,
    32.660377502441406,
    15.605688095092773,
    16.904483795166016,
    27.93745994567871,
    22.004575729370117,
    28.835010528564453,
    25.198347091674805,
    19.079933166503906,
    26.72524642944336,
    5.944572925567627,
    16.3613338470459,
    2.896872043609619,
    12.587335586547852,
    23.256999969482422,
    29.241741180419922,
    16.221113204956055,
    18.143512725830078,
    16.179166793823242,
    18.51378631591797,
    19.276113510131836,
    29.800355911254883,
    17.872426986694336,
    11.87038516998291,
    7.351131439208984,
    7.248335838317871,
    42.35246276855469,
    12.837827682495117,
    24.866024017333984,
    1.017568588256836,
    24.097667694091797,
    18.962261199951172,
    32.556121826171875,
    35.75651550292969,
    20.552078247070312,
    23.854738235473633,
    3.3738417625427246,
    5.983578681945801,
    15.915994644165039,
    19.359634399414062,
    15.740158081054688,
    12.64390754699707,
    15.87226676940918,
    20.318391799926758,
    22.804567337036133,
    4.234072685241699,
    4.343590259552002,
    16.03076934814453,
    21.044605255126953,
    3.1877036094665527,
    18.687088012695312,
    2.2647323608398438,
    23.062023162841797,
    55.27278518676758,
    2.0834269523620605,
    16.714807510375977,
    36.75530242919922,
    13.717931747436523,
    14.719460487365723,
    41.310264587402344,
    20.89656639099121,
    16.621780395507812,
    25.87220001220703,
    19.698596954345703,
    15.349332809448242,
    11.092235565185547,
    23.156246185302734,
    34.832183837890625,
    5.834394931793213,
    6.63248872756958,
    18.9570369720459,
    7.703149795532227,
    2.6833932399749756,
    28.019115447998047,
    4.445871829986572,
    41.48085021972656,
    17.7794132232666,
    19.437999725341797,
    20.074148178100586,
    21.075883865356445,
    17.978628158569336,
    28.947452545166016,
    28.54862403869629,
    22.221893310546875,
    11.708844184875488,
    24.715848922729492,
    14.546884536743164,
    5.0217671394348145,
    5.699039936065674,
    30.1556453704834,
    7.517720699310303,
    11.977630615234375,
    7.122558116912842,
    30.402162551879883,
    30.14449691772461,
    22.575389862060547,
    3.4805266857147217,
    7.747756004333496,
    5.118971824645996,
    15.760551452636719,
    11.663457870483398,
    2.500540256500244,
    9.483575820922852,
    2.0597457885742188,
    17.765220642089844,
    12.29796314239502,
    25.727388381958008,
    16.986331939697266,
    23.76369857788086,
    27.175857543945312,
    18.677547454833984,
    40.85056686401367,
    9.237985610961914,
    25.123764038085938,
    10.580122947692871,
    4.399206161499023,
    36.097747802734375,
    11.985929489135742,
    27.909561157226562,
    22.764205932617188,
    7.663240909576416,
    12.715570449829102,
    11.166611671447754,
    6.881020545959473,
    37.00709533691406,
    4.879640579223633,
    19.44833755493164,
    2.572747230529785,
    32.00318145751953,
    19.837045669555664,
    18.94455909729004,
    2.035943031311035,
    18.178993225097656,
    18.449493408203125,
    5.91844367980957,
    3.7467963695526123,
    6.139759063720703,
    20.983314514160156,
    25.984939575195312,
    9.048173904418945,
    7.72043514251709,
    25.579586029052734,
    15.706509590148926,
    35.61128234863281,
    32.28937530517578,
    9.416213989257812,
    18.741348266601562,
    1.886600136756897,
    11.58803939819336,
    39.907867431640625,
    7.284531593322754,
    9.296455383300781,
    20.31362533569336,
    12.957723617553711,
    7.724749565124512,
    3.211199998855591,
    24.750452041625977,
    8.288215637207031,
    13.274621963500977,
    19.704010009765625,
    13.582950592041016,
    18.878032684326172,
    16.768800735473633,
    36.92873001098633,
    4.751953125,
    12.29185962677002,
    4.859035491943359,
    16.931293487548828,
    8.921001434326172,
    16.121185302734375,
    17.082551956176758,
    37.841304779052734,
    9.919282913208008,
    27.86004638671875,
    8.545161247253418,
    12.051414489746094,
    47.483577728271484,
    16.825281143188477,
    21.107913970947266,
    8.564303398132324,
    5.782779693603516,
    30.380945205688477,
    24.217628479003906,
    9.002767562866211,
    11.878729820251465,
    38.57264709472656,
    14.509054183959961,
    8.044998168945312,
