{
  "episode": 1199,
  "total_steps": 8334,
  "timestamp": "2025-12-01T01:42:00.498088",
  "episode_rewards": [
    260.0,
    7846.047060274476,
    9443.544044548631,
    232.92114203721485,
    16276.099693402808,
    18977.04648799718,
    24436.750693542872,
    22235.969552019727,
    17500.669639997723,
    30780.931474389115,
    641.3238093369469,
    6989.259192829743,
    14406.070768860087,
    260.0,
    12464.347770142793,
    17533.508321893172,
    5585.127180344317,
    15776.995977729188,
    1436.3477470161174,
    17451.81424013435,
    8726.241384437652,
    17137.912950572503,
    379.8593066355643,
    15499.868437575537,
    10078.516199381975,
    14414.028603401184,
    9413.123168509052,
    11337.976203465008,
    17614.896135711293,
    13099.915501646989,
    3267.415689142895,
    2843.6084156023985,
    21136.2994549781,
    11319.97444417324,
    1580.8620756302673,
    8933.591202891155,
    16329.25936864541,
    8913.699083632153,
    8793.973469447905,
    7744.026099454433,
    18014.315548107832,
    8601.897392745972,
    3241.260877221007,
    11896.940607505303,
    6175.198047707323,
    4976.734535837068,
    4789.002437911337,
    11522.816032509256,
    598.0990959580593,
    5846.452065723341,
    3449.8343983184523,
    16078.891086182597,
    20185.709725647346,
    9035.0053011333,
    1820.8147533432248,
    15041.406207746908,
    24439.99442299647,
    14289.431613713188,
    14903.166307299643,
    11899.782149386403,
    15258.391041261615,
    13187.276853824453,
    15888.07777923324,
    17484.522998651864,
    7905.599010129968,
    3991.426613857919,
    16945.004103504187,
    252.65277723068112,
    17153.141583257362,
    13193.712025504818,
    16989.956004985972,
    21123.661026966874,
    20235.115715194486,
    16589.302452347652,
    8416.720947582708,
    8611.054732989942,
    16165.230696488305,
    232.65277723068112,
    8631.29426292711,
    16664.078812016873,
    14473.58100723232,
    13590.07130040251,
    232.65277723068112,
    10478.092091337789,
    15754.429759930168,
    7358.30254475751,
    14246.490024583693,
    3411.1062233732673,
    9388.123168509052,
    4688.637505359406,
    13012.814721001145,
    22613.437576676297,
    233.0652399634395,
    15528.866619714885,
    11319.97444417324,
    15499.868437575537,
    18003.602103214624,
    8827.653021567949,
    11339.246749696915,
    10475.725833304969
  ],
  "episode_lengths": [
    1,
    15,
    15,
    4,
    15,
    15,
    15,
    11,
    15,
    15,
    15,
    15,
    15,
    1,
    10,
    15,
    3,
    15,
    15,
    15,
    15,
    12,
    7,
    15,
    6,
    15,
    4,
    15,
    11,
    15,
    2,
    15,
    10,
    15,
    15,
    9,
    14,
    15,
    15,
    8,
    9,
    11,
    5,
    9,
    9,
    4,
    15,
    15,
    4,
    8,
    6,
    15,
    15,
    10,
    5,
    9,
    15,
    15,
    15,
    9,
    10,
    15,
    14,
    13,
    6,
    7,
    11,
    4,
    15,
    10,
    15,
    15,
    15,
    15,
    5,
    8,
    11,
    4,
    6,
    15,
    7,
    6,
    4,
    8,
    15,
    5,
    15,
    5,
    4,
    4,
    15,
    15,
    4,
    15,
    15,
    15,
    15,
    15,
    15,
    8
  ],
  "training_losses": [
    31.543880462646484,
    85.20441436767578,
    42.46574401855469,
    26.821895599365234,
    26.276790618896484,
    65.5963363647461,
    193.36221313476562,
    61.777591705322266,
    33.831748962402344,
    22.509994506835938,
    119.65340423583984,
    153.10589599609375,
    78.36079406738281,
    54.37310791015625,
    45.99351501464844,
    25.148412704467773,
    46.16469192504883,
    69.61161804199219,
    26.87887191772461,
    26.520671844482422,
    61.96022033691406,
    109.58409118652344,
    52.42378234863281,
    23.909469604492188,
    94.15653991699219,
    25.635826110839844,
    55.152408599853516,
    31.494449615478516,
    52.41838073730469,
    60.39994812011719,
    70.75262451171875,
    25.8569278717041,
    101.64417266845703,
    52.14510726928711,
    63.19697570800781,
    108.8481674194336,
    26.765100479125977,
    102.63079071044922,
    64.46371459960938,
    101.24900817871094,
    147.5889434814453,
    61.98320007324219,
    61.36372375488281,
    69.14729309082031,
    65.01721954345703,
    35.60536193847656,
    30.093303680419922,
    131.86720275878906,
    229.0666046142578,
    52.08386993408203,
    52.942649841308594,
    641.4833984375,
    89.5717544555664,
    106.3521728515625,
    121.83912658691406,
    26.66635513305664,
    25.2277889251709,
    119.86032104492188,
    212.95431518554688,
    98.16349792480469,
    240.3136749267578,
    87.7645492553711,
    84.369384765625,
    47.6009521484375,
    76.0948486328125,
    70.24191284179688,
    153.24557495117188,
    22.575410842895508,
    113.18870544433594,
    95.64986419677734,
    39.90386199951172,
    87.52952575683594,
    213.4345703125,
    287.56884765625,
    165.66917419433594,
    144.9266815185547,
    169.5284423828125,
    25.043960571289062,
    112.50393676757812,
    23.273807525634766,
    56.394248962402344,
    75.03257751464844,
    49.560302734375,
    24.73147201538086,
    26.08687973022461,
    153.04931640625,
    101.0793685913086,
    36.451107025146484,
    23.96784210205078,
    120.68234252929688,
    32.937686920166016,
    77.36277770996094,
    96.65924835205078,
    111.03834533691406,
    22.89307403564453,
    75.60006713867188,
    158.2123260498047,
    163.0816650390625,
    121.70375061035156,
    136.1870880126953,
    89.65141296386719,
    36.74936294555664,
    69.95482635498047,
    611.4098510742188,
    26.399066925048828,
    280.7410888671875,
    25.60640525817871,
    122.63009643554688,
    23.436079025268555,
    227.71820068359375,
    74.85084533691406,
    25.743757247924805,
    28.297977447509766,
    110.80416107177734,
    94.23857116699219,
    23.728336334228516,
    98.18553161621094,
    38.8275146484375,
    78.73897552490234,
    85.37458801269531,
    21.3165283203125,
    376.4708251953125,
    36.46733093261719,
    39.720951080322266,
    25.284099578857422,
    44.45877456665039,
    83.855224609375,
    214.46218872070312,
    29.38521957397461,
    60.71033477783203,
    52.515716552734375,
    28.585140228271484,
    87.76535034179688,
    44.33683776855469,
    51.507896423339844,
    187.16912841796875,
    104.46417236328125,
    36.041629791259766,
    120.00582122802734,
    72.44261169433594,
    79.85379791259766,
    126.93523406982422,
    284.749755859375,
    351.11956787109375,
    155.6199951171875,
    108.47808837890625,
    43.920692443847656,
    24.64141273498535,
    32.00694274902344,
    26.80255889892578,
    68.99161529541016,
    29.304834365844727,
    26.537708282470703,
    44.06233596801758,
    26.74308204650879,
    53.433082580566406,
    26.776187896728516,
    99.61009216308594,
    121.8740234375,
    106.3597412109375,
    80.74305725097656,
    124.9522705078125,
    60.10602569580078,
    73.72084045410156,
    255.565185546875,
    10.131129264831543,
    25.757488250732422,
    49.31674575805664,
    91.45471954345703,
    100.1876220703125,
    122.95883178710938,
    25.528600692749023,
    73.86474609375,
    327.0386962890625,
    164.67855834960938,
    25.203266143798828,
    244.98672485351562,
    12.09383773803711,
    89.89250183105469,
    259.92529296875,
    25.25518798828125,
    37.184452056884766,
    121.76536560058594,
    25.320480346679688,
    90.83556365966797,
    19.268211364746094,
    61.46739959716797,
    142.4326171875,
    72.2179946899414,
    12.491462707519531,
    53.68329620361328,
    153.27703857421875,
    86.8736572265625,
    295.34893798828125,
    54.25536346435547,
    98.6142578125,
    49.507530212402344,
    74.37342071533203,
    35.74573516845703,
    122.03070831298828,
    18.146732330322266,
    72.91544342041016,
    43.09648895263672,
    57.59495544433594,
