{
  "episode": 299,
  "total_steps": 1325,
  "timestamp": "2025-12-21T17:11:32.107770",
  "episode_rewards": [
    430.0,
    -50.46208251193207,
    -89.43103158052259,
    442.7199370640048,
    478.5642578862077,
    -35.72888091628066,
    -146.7440227441678,
    -120.02524064249913,
    530.0,
    -25.184175024266217,
    499.75736846056225,
    430.0,
    203.7359449844618,
    315.6219295523988,
    -213.09334420445435,
    -29.97878813725019,
    403.8028081198729,
    481.45450178875666,
    19.886291546004202,
    520.0,
    430.0,
    -67.55972367530427,
    -82.97690212343491,
    -45.5024729236836,
    432.3476543782664,
    -68.74890928676939,
    -74.78880602189993,
    -85.18443138633874,
    -75.80954936311892,
    384.0228397229041,
    -48.599541983669134,
    -141.14875234357444,
    430.0,
    -16.62016064850769,
    -94.13044647966294,
    461.2536748676624,
    -133.82994726619455,
    450.4575758221816,
    1500.0,
    -56.77563685031493,
    -36.943881805621444,
    113.27802351559248,
    -87.38940973897195,
    535.1805271631027,
    503.3779547665103,
    -57.137997579278505,
    -133.32063902248996,
    -149.53902524764567,
    -54.372231147497004,
    517.6611401148039,
    -59.50567992929386,
    530.0,
    504.5074115131919,
    -147.15644467706855,
    535.5995887737799,
    -49.98559503362128,
    -93.82144657590521,
    -46.64161894989418,
    -74.89667556802269,
    522.6152042450931,
    -26.034175945261293,
    391.8567233822762,
    -30.65720155203891,
    -36.611789585181626,
    -162.42311667189927,
    -44.524682590443575,
    -95.88535185456419,
    -42.925263218805235,
    -123.06526377608517,
    -27.836076806554736,
    488.2279379272394,
    -109.2432638003646,
    -88.5298910520597,
    -34.69464710681538,
    -50.12521887620767,
    430.0,
    430.0,
    -42.26894796058207,
    515.5611064577538,
    -115.624978315687,
    -28.23712396102156,
    484.2234260043881,
    501.5449509667611,
    497.59208626350363,
    -116.03068155356752,
    -53.78966946515216,
    68.31563323464536,
    479.3180397226164,
    -89.37915108951866,
    -116.1802975333658,
    -170.2737830818495,
    -127.80099987525698,
    -31.708546137417063,
    -26.793072421302185,
    -42.239583125147306,
    -45.9697465868756,
    -122.86197332373808,
    564.697962205443,
    -162.31676567446036,
    521.0823654060782
  ],
  "episode_lengths": [
    2,
    5,
    4,
    2,
    2,
    5,
    5,
    5,
    1,
    5,
    2,
    2,
    5,
    5,
    4,
    4,
    3,
    3,
    4,
    2,
    2,
    4,
    7,
    4,
    7,
    5,
    5,
    6,
    4,
    5,
    5,
    5,
    2,
    7,
    4,
    4,
    5,
    7,
    5,
    5,
    5,
    5,
    5,
    2,
    3,
    8,
    6,
    8,
    5,
    3,
    6,
    1,
    3,
    4,
    2,
    5,
    5,
    4,
    8,
    4,
    5,
    3,
    4,
    4,
    4,
    5,
    10,
    5,
    4,
    6,
    2,
    4,
    4,
    5,
    5,
    2,
    2,
    5,
    4,
    5,
    4,
    5,
    3,
    4,
    4,
    4,
    6,
    2,
    4,
    5,
    4,
    4,
    4,
    4,
    4,
    4,
    4,
    6,
    6,
    2
  ],
  "training_losses": [
    11.263254165649414,
    16.443212509155273,
    18.993717193603516,
    6.009221076965332,
    15.74898910522461,
    10.113521575927734,
    5.221282958984375,
    8.372003555297852,
    20.678890228271484,
    11.251008033752441,
    7.898161888122559,
    5.774026393890381,
    22.026243209838867,
    12.94590950012207,
    13.872442245483398,
    15.448349952697754,
    37.04358673095703,
    5.268794059753418,
    12.655620574951172,
    21.669879913330078,
    13.2457857131958,
    10.889416694641113,
    7.522602081298828,
    9.097671508789062,
    8.098249435424805,
    14.55783748626709,
    9.228951454162598,
    3.573640823364258,
    8.061124801635742,
    12.06007194519043,
    15.36284065246582,
    8.748210906982422,
    13.37055492401123,
    6.1371870040893555,
    7.010976314544678,
    7.05704927444458,
    23.290096282958984,
    1.9355818033218384,
    16.238683700561523,
    15.131288528442383,
    2.623997211456299,
    8.725077629089355,
    9.197532653808594,
    6.314614295959473,
    4.353954315185547,
    13.053449630737305,
    14.929011344909668,
    15.161455154418945,
    6.896897792816162,
    5.465024471282959,
    4.734062671661377,
    17.426450729370117,
    29.759227752685547,
    10.489418029785156,
    2.4554567337036133,
    6.340566158294678,
    31.448476791381836,
    22.961257934570312,
    12.111946105957031,
    12.977363586425781,
    8.358636856079102,
    11.607467651367188,
    28.962974548339844,
    20.57991600036621,
    7.836798667907715,
    5.776033401489258,
    1.9417892694473267,
    17.102008819580078,
    2.2610268592834473,
    7.4235992431640625,
    7.640040874481201,
    5.952200889587402,
    12.08950424194336,
    9.90565299987793,
    11.104732513427734,
    6.202968597412109,
    6.4482011795043945,
    7.404261589050293,
    8.389226913452148,
    7.880932807922363,
    14.508916854858398,
    13.244649887084961,
    8.637908935546875,
    12.728888511657715,
    14.387601852416992,
    16.174646377563477,
    18.050106048583984,
    6.9120588302612305,
    27.20710563659668,
    5.696010589599609,
    16.167463302612305,
    3.9827756881713867,
    13.002330780029297,
    7.114618301391602,
    6.401912689208984,
    4.82454776763916,
    8.733383178710938,
    30.313232421875,
    5.691678524017334,
    16.947124481201172,
    23.778173446655273,
    2.9930973052978516,
    3.684329032897949,
    7.352716445922852,
    10.280547142028809,
    12.921161651611328,
    9.413494110107422,
    15.3391695022583,
    10.887804985046387,
    10.507474899291992,
    11.75971794128418,
    6.7122955322265625,
    8.398226737976074,
    16.018625259399414,
    30.18267822265625,
    15.778398513793945,
    23.773983001708984,
    20.244895935058594,
    2.1066226959228516,
    9.437586784362793,
    16.933141708374023,
    1.959209680557251,
    11.713296890258789,
    13.532670021057129,
    20.160432815551758,
    19.919818878173828,
    9.699686050415039,
    26.725139617919922,
    21.319063186645508,
    13.826457977294922,
    4.529452800750732,
    21.865325927734375,
    7.282793045043945,
    13.536675453186035,
    16.794408798217773,
    19.553247451782227,
    12.674976348876953,
    29.251136779785156,
    11.760675430297852,
    24.28142738342285,
    9.996858596801758,
    16.156612396240234,
    13.037101745605469,
    15.929418563842773,
    16.81932830810547,
    3.712064266204834,
    19.904918670654297,
    10.123340606689453,
    6.241260528564453,
    10.908924102783203,
    9.440277099609375,
    9.359247207641602,
    10.02225399017334,
    13.254715919494629,
    6.444278717041016,
    11.763675689697266,
    6.940981864929199,
    26.49984359741211,
    9.934374809265137,
    9.720362663269043,
    3.663473129272461,
    19.064353942871094,
    5.680267333984375,
    13.09850788116455,
    20.487926483154297,
    16.37242889404297,
    9.177257537841797,
    3.1547040939331055,
    26.395275115966797,
    9.825913429260254,
    4.997305393218994,
    7.11659049987793,
    14.289203643798828,
    5.112727165222168,
    13.266834259033203,
    10.645285606384277,
    11.931129455566406,
    20.884441375732422,
    50.261695861816406,
    9.445298194885254,
    10.598884582519531,
    4.577954292297363,
    5.657102108001709,
    9.562427520751953,
    12.230697631835938,
    4.277745723724365,
    10.863869667053223,
    8.09211540222168,
    11.59807300567627,
    18.387718200683594,
    18.688770294189453,
    25.477279663085938,
    20.719406127929688,
    15.80219841003418,
    4.645310401916504,
    3.2690138816833496,
    8.08757495880127,
    15.599754333496094,
    15.632871627807617,
    26.89277458190918,
    5.285340309143066,
    19.538232803344727,
    15.70503044128418,
    2.530310869216919,
    4.867352485656738,
    11.202950477600098,
    21.386890411376953,
