{
  "episode": 399,
  "total_steps": 1762,
  "timestamp": "2025-12-21T17:12:30.353152",
  "episode_rewards": [
    -132.82308275096142,
    467.0261098567521,
    -86.9102547711826,
    538.6724332366509,
    -123.22020584826389,
    -59.256359406139204,
    -37.173068859392544,
    -52.937550359509316,
    -81.68147032575641,
    530.0,
    -23.330402549500153,
    -58.3473835236709,
    360.69810910966555,
    464.3760493410076,
    -33.15456789669378,
    -42.93994694937028,
    -15.502652499915321,
    -129.79204860917184,
    -131.60855112149255,
    -59.96165620685629,
    430.0,
    430.0,
    -39.75008639579387,
    -71.22911055405618,
    430.0,
    300.3346326971615,
    507.9695722464047,
    41.23143268574611,
    514.1099104226597,
    -116.21000780593529,
    -127.12631830523308,
    -34.426528535883975,
    480.14172385082054,
    -96.59981854772158,
    88.57448522104164,
    -102.61406477367234,
    432.675942959361,
    381.5633520469834,
    -58.43656145910024,
    -105.62041511948343,
    431.8830957725938,
    -12.266644656907161,
    -56.59114248996197,
    -70.29983283309971,
    -38.4832578313836,
    506.27029654595583,
    313.74994444686064,
    473.6736933864915,
    -113.27219710610527,
    530.0,
    -62.855169065244844,
    532.0530661439201,
    -83.9536867668196,
    -150.30184001075781,
    53.7053464341289,
    -68.6667606833496,
    509.0167739419239,
    530.0,
    -42.63382921812307,
    -196.0289828662374,
    489.8366918569782,
    442.95866493139306,
    -124.95530552265478,
    477.3001839361575,
    -57.6867147389735,
    -46.60950334719216,
    -173.07652756636259,
    490.8169819308133,
    532.0336258201456,
    492.5627056620616,
    811.1626777810532,
    430.0,
    519.1792723437991,
    515.1212090981519,
    444.2587785351993,
    439.9923143584874,
    -58.90876315330287,
    -121.96350156121662,
    38.65965572519709,
    530.0,
    462.75231879236503,
    -47.355154486533515,
    -45.01513547796174,
    -67.11215053651094,
    -66.88550564844638,
    -56.440324758955654,
    -56.571920329846165,
    10.136737629272915,
    -24.965972939631037,
    -76.71391812184646,
    -76.58347290116843,
    430.0,
    74.26950318068415,
    -116.43661862173767,
    -55.94136458296677,
    519.8298783888628,
    -43.74316677162379,
    416.6797107476836,
    -34.04207758161717,
    -90.75461263822555
  ],
  "episode_lengths": [
    5,
    3,
    10,
    2,
    4,
    5,
    5,
    5,
    6,
    1,
    5,
    4,
    4,
    5,
    4,
    4,
    4,
    4,
    4,
    5,
    2,
    2,
    4,
    5,
    2,
    5,
    4,
    5,
    2,
    6,
    8,
    6,
    4,
    4,
    4,
    6,
    2,
    4,
    5,
    5,
    9,
    5,
    5,
    5,
    4,
    3,
    6,
    3,
    5,
    1,
    4,
    2,
    10,
    4,
    10,
    5,
    4,
    1,
    4,
    4,
    2,
    7,
    7,
    5,
    5,
    5,
    4,
    2,
    2,
    7,
    7,
    2,
    4,
    2,
    2,
    2,
    5,
    6,
    5,
    1,
    3,
    4,
    5,
    5,
    5,
    4,
    4,
    5,
    6,
    4,
    4,
    2,
    5,
    5,
    4,
    4,
    4,
    4,
    4,
    6
  ],
  "training_losses": [
    6.349002838134766,
    6.436516284942627,
    14.911337852478027,
    11.325814247131348,
    1.8322017192840576,
    12.411836624145508,
    11.858224868774414,
    9.24140739440918,
    8.807193756103516,
    18.525541305541992,
    13.790334701538086,
    6.447251319885254,
    6.501908302307129,
    8.955020904541016,
    2.7893378734588623,
    14.01954174041748,
    17.426956176757812,
    5.861724376678467,
    17.634239196777344,
    16.2885799407959,
    15.180537223815918,
    21.653423309326172,
    20.240718841552734,
    11.224300384521484,
    10.319108963012695,
    11.345449447631836,
    12.675432205200195,
    10.989608764648438,
    9.636835098266602,
    19.076332092285156,
    11.222614288330078,
    15.069472312927246,
    15.771007537841797,
    1.9317626953125,
    4.816794395446777,
    19.40926170349121,
    26.328842163085938,
    5.635031700134277,
    14.192071914672852,
    11.936371803283691,
    6.062012672424316,
    19.063182830810547,
    5.972576141357422,
    18.75945281982422,
    7.378650665283203,
    7.117736339569092,
    9.047110557556152,
    8.052371978759766,
    11.169700622558594,
    16.0820369720459,
    2.120563268661499,
    10.632719039916992,
    3.980527877807617,
    8.794136047363281,
    4.548920631408691,
    16.126663208007812,
    12.99058723449707,
    5.083534240722656,
    4.633388996124268,
    15.828274726867676,
    29.936193466186523,
    4.5990447998046875,
    21.30115509033203,
    19.432952880859375,
    22.6348876953125,
    22.07084846496582,
    3.5686795711517334,
    26.590068817138672,
    8.273151397705078,
    8.232095718383789,
    15.739790916442871,
    13.320589065551758,
    1.3682894706726074,
    6.612703800201416,
    18.518918991088867,
    6.755303382873535,
    6.156435966491699,
    5.298713207244873,
    13.359634399414062,
    15.190509796142578,
    9.938629150390625,
    13.497705459594727,
    12.805471420288086,
    18.49233627319336,
    5.797072410583496,
    14.062898635864258,
    13.28353500366211,
    16.271183013916016,
    11.879225730895996,
    22.920257568359375,
    5.760615348815918,
    3.617307662963867,
    5.113101005554199,
    12.787248611450195,
    5.533659934997559,
    7.671276092529297,
    13.81740665435791,
    4.052572727203369,
    5.063180923461914,
    6.868941307067871,
    7.646885871887207,
    7.077027320861816,
    25.84744644165039,
    16.250104904174805,
    5.805784225463867,
    11.056718826293945,
    10.70549201965332,
    16.911945343017578,
    10.167234420776367,
    17.33201789855957,
    17.89429473876953,
    13.984016418457031,
    1.0207263231277466,
    19.70319938659668,
    14.285844802856445,
    11.125511169433594,
    18.17343521118164,
    16.330814361572266,
    5.773297309875488,
    9.531333923339844,
    1.8017487525939941,
    4.690984725952148,
    2.3854660987854004,
    12.462620735168457,
    21.61812973022461,
    24.694067001342773,
    10.402970314025879,
    11.847074508666992,
    9.82008171081543,
    19.958648681640625,
    4.047606945037842,
    8.926356315612793,
    8.68729019165039,
    10.109359741210938,
    12.888641357421875,
    13.70028305053711,
    14.291845321655273,
    8.736701965332031,
    9.2223482131958,
    18.815296173095703,
    5.012720584869385,
    7.82533073425293,
    11.453102111816406,
    13.395895004272461,
    5.727349281311035,
    14.13211727142334,
    9.71014404296875,
    17.701345443725586,
    29.12957763671875,
    7.078316688537598,
    13.275924682617188,
    23.15395164489746,
    3.738481044769287,
    18.651988983154297,
    25.619659423828125,
    13.817442893981934,
    9.7164945602417,
    23.59741973876953,
    6.015225410461426,
    5.962169647216797,
    11.364562034606934,
    20.147201538085938,
    5.6921234130859375,
    19.98570442199707,
    3.0284156799316406,
    8.574358940124512,
    3.4109420776367188,
    16.322423934936523,
    10.516061782836914,
    2.7316994667053223,
    1.8309874534606934,
    11.652812004089355,
    0.6693109273910522,
    21.648204803466797,
    20.11621856689453,
    47.05400466918945,
    18.41265296936035,
    25.385520935058594,
    11.422592163085938,
    12.653564453125,
    26.26926040649414,
    4.984480381011963,
    3.2250924110412598,
    16.025405883789062,
    12.80025577545166,
    4.186943054199219,
    11.821861267089844,
    2.6392178535461426,
    6.263801097869873,
    5.599968910217285,
    3.5183684825897217,
    6.957128524780273,
    7.001625061035156,
    6.655445575714111,
    5.375882625579834,
    16.594371795654297,
    2.445722818374634,
    9.692909240722656,
    10.882013320922852,
    4.813014984130859,
    12.397560119628906,
    1.607027292251587,
    8.14199447631836,
    9.819413185119629,
    19.897483825683594,
    7.019774436950684,
    24.200164794921875,
