{
  "episode": 1999,
  "total_steps": 17884,
  "timestamp": "2025-12-01T01:43:26.486433",
  "episode_rewards": [
    9307.967273523223,
    19463.749457237303,
    12684.252757171387,
    4976.734535837068,
    8606.848462351789,
    14685.824287441834,
    24929.61719619854,
    13794.056871966894,
    24725.056008634117,
    13787.324672223473,
    19876.265914471547,
    19961.60698023225,
    4653.720393626287,
    232.65277723068112,
    14528.373439288966,
    11879.782149386403,
    15753.844623595236,
    252.65277723068112,
    18648.19678533606,
    1580.8620756302673,
    16201.220018831644,
    15501.855128819416,
    15524.02328859413,
    20906.14554188228,
    232.65277723068112,
    21737.62835476138,
    598.0990959580593,
    15895.540479934774,
    14405.434837572313,
    12443.905595637036,
    15366.313529001434,
    260.0,
    10689.047445798324,
    9721.273259128833,
    10126.053993565236,
    23193.36732084076,
    9078.925109020745,
    16231.557609447214,
    16174.260667955583,
    4966.856897378886,
    18152.367615694224,
    15097.661711325369,
    194.6613303846666,
    23193.36732084076,
    9213.576036655108,
    15917.007600866165,
    191.93580767378046,
    19619.983306761074,
    14259.530752100382,
    24007.975218064264,
    4649.887677764143,
    7530.557298606901,
    11300.211931173324,
    3125.7438868697195,
    8938.453378419897,
    11878.956912009011,
    5052.574967730792,
    10672.693511439322,
    15881.649980604241,
    10812.195312169904,
    1580.8620756302673,
    1580.8620756302673,
    19819.859603070327,
    16598.377370553346,
    6575.171092840041,
    12464.347770142793,
    11998.574115865249,
    18873.95851395737,
    23494.381838752593,
    21698.07071320888,
    8606.848462351789,
    260.0,
    851.1399262716666,
    232.92114203721485,
    8850.852838788147,
    9026.664819798867,
    23210.501299566196,
    16461.92778140225,
    10150.179069791866,
    260.0,
    5077.290377972939,
    11245.362311803372,
    24001.707077715324,
    14405.434837572313,
    11313.976203465008,
    12497.097037358128,
    15637.487488585226,
    14924.360910978574,
    12889.025908678715,
    232.65277723068112,
    15617.170735296566,
    18152.367615694224,
    10812.195312169904,
    15700.416323195994,
    12462.228134920959,
    4885.52712598823,
    19876.265914471547,
    17900.661585159683,
    16633.127199917562,
    20141.89329126605
  ],
  "episode_lengths": [
    15,
    15,
    15,
    4,
    4,
    10,
    15,
    8,
    14,
    10,
    15,
    11,
    7,
    4,
    15,
    10,
    15,
    4,
    15,
    15,
    15,
    12,
    13,
    15,
    4,
    15,
    4,
    13,
    10,
    12,
    15,
    1,
    15,
    15,
    15,
    15,
    15,
    15,
    12,
    4,
    10,
    15,
    4,
    15,
    15,
    15,
    4,
    15,
    15,
    15,
    6,
    6,
    7,
    7,
    8,
    9,
    5,
    15,
    15,
    15,
    15,
    15,
    15,
    15,
    5,
    10,
    15,
    15,
    15,
    15,
    4,
    1,
    15,
    4,
    15,
    8,
    15,
    15,
    15,
    1,
    15,
    15,
    15,
    10,
    15,
    15,
    13,
    14,
    11,
    4,
    15,
    10,
    15,
    15,
    12,
    15,
    15,
    15,
    14,
    15
  ],
  "training_losses": [
    85.93450927734375,
    131.1630401611328,
    33.002601623535156,
    77.42044067382812,
    228.3961944580078,
    120.48971557617188,
    87.76747131347656,
    118.23551940917969,
    48.231868743896484,
    91.79830932617188,
    98.07599639892578,
    126.38919067382812,
    138.6392822265625,
    59.53260803222656,
    247.63998413085938,
    92.17342376708984,
    49.08173751831055,
    45.741729736328125,
    105.64720916748047,
    235.20257568359375,
    86.88836669921875,
    85.12294006347656,
    296.9483947753906,
    111.6640625,
    39.81504821777344,
    99.14903259277344,
    153.9626007080078,
    14.005269050598145,
    47.19200897216797,
    93.58123016357422,
    73.99886322021484,
    84.40314483642578,
    359.7929992675781,
    86.2642822265625,
    27.747722625732422,
    138.99563598632812,
    356.1427001953125,
    63.113182067871094,
    123.12662506103516,
    203.6935577392578,
    272.75732421875,
    177.49560546875,
    26.58091163635254,
    66.46297454833984,
    41.55965805053711,
    25.782814025878906,
    141.50973510742188,
    95.32258605957031,
    156.79867553710938,
    54.68722152709961,
    169.42633056640625,
    36.96814727783203,
    67.43231964111328,
    105.01276397705078,
    175.74893188476562,
    67.59874725341797,
    189.89163208007812,
    66.19805908203125,
    173.55397033691406,
    94.5340805053711,
    48.18601989746094,
    396.70697021484375,
    93.96414184570312,
    217.45034790039062,
    65.80506896972656,
    196.91348266601562,
    145.9500732421875,
    234.82882690429688,
    67.33441162109375,
    154.07931518554688,
    128.16525268554688,
    324.33294677734375,
    59.691139221191406,
    72.67491912841797,
    103.75792694091797,
    89.47417449951172,
    87.41486358642578,
    98.43977355957031,
    64.61569213867188,
    88.51103210449219,
    64.20801544189453,
    161.547119140625,
    72.4649658203125,
    158.3175048828125,
    104.25845336914062,
    77.20143127441406,
    87.43038940429688,
    48.865665435791016,
    31.755460739135742,
    75.36729431152344,
    58.77461242675781,
    129.2712860107422,
    139.3218994140625,
    99.13521575927734,
    78.71232604980469,
    182.60653686523438,
    12.856587409973145,
    303.67913818359375,
    132.00765991210938,
    30.467456817626953,
    34.9101676940918,
    175.62965393066406,
    148.82916259765625,
    64.54898071289062,
    107.66091918945312,
    19.365020751953125,
    33.15538024902344,
    142.83108520507812,
    351.34613037109375,
    84.23435974121094,
    128.29066467285156,
    80.86320495605469,
    187.44790649414062,
    64.0849609375,
    128.83978271484375,
    83.82954406738281,
    88.1668472290039,
    125.90742492675781,
    156.73046875,
    53.72813415527344,
    44.41099548339844,
    236.28475952148438,
    47.312007904052734,
    172.65313720703125,
    87.7119369506836,
    139.25640869140625,
    160.099365234375,
    180.85055541992188,
    86.73184204101562,
    36.40141677856445,
    122.8853759765625,
    62.69976043701172,
    75.76547241210938,
    33.687381744384766,
    369.18951416015625,
    123.01197814941406,
    61.43353271484375,
    56.79526901245117,
    30.584487915039062,
    32.42029571533203,
    55.27901840209961,
    68.9947280883789,
    50.766212463378906,
    51.92162322998047,
    50.52570343017578,
    33.88163757324219,
    74.03680419921875,
    161.81326293945312,
    14.039551734924316,
    97.72006225585938,
    184.1519012451172,
    145.1407928466797,
    101.34866333007812,
    81.68416595458984,
    65.60535430908203,
    80.71035766601562,
    32.692893981933594,
    90.37449645996094,
    51.9130973815918,
    212.8531494140625,
    127.96455383300781,
    104.96134185791016,
    139.85186767578125,
    99.84441375732422,
    104.62145233154297,
    32.00841522216797,
    84.07994842529297,
    50.40678787231445,
    60.689353942871094,
    100.07424926757812,
    198.362060546875,
    157.96319580078125,
    57.92478942871094,
    91.15497589111328,
    156.04083251953125,
    110.6238784790039,
    168.95394897460938,
    9.430166244506836,
    352.480224609375,
    71.2632827758789,
    191.17630004882812,
    106.6298828125,
    41.78723907470703,
    136.33636474609375,
    91.25936126708984,
    164.52426147460938,
    158.25616455078125,
    86.912353515625,
    88.98764038085938,
    75.35269165039062,
    53.953365325927734,
    22.461034774780273,
    92.27195739746094,
    69.79789733886719,
    160.04153442382812,
    216.260009765625,
    103.53399658203125,
    31.426746368408203,
    180.86550903320312,
    26.378616333007812,
    77.56121826171875,
    118.3497314453125,
    72.5921859741211,
