{
  "episode": 1099,
  "total_steps": 7239,
  "timestamp": "2025-12-01T01:41:51.172470",
  "episode_rewards": [
    200.0,
    7482.490642620562,
    260.0,
    260.0,
    540.4889871723467,
    7264.042139512368,
    235.0,
    6909.069388026466,
    7242.207419299144,
    260.0,
    260.0,
    260.0,
    260.0,
    260.0,
    16496.223497000534,
    12901.704142208897,
    10445.437894047778,
    10226.464870570666,
    260.0,
    190.0,
    189.90994795369167,
    197.90994795369167,
    260.0,
    225.0,
    189.90994795369167,
    260.0,
    260.0,
    260.0,
    256.83221219862185,
    235.0,
    260.0,
    257.9099479536917,
    258.7520973646151,
    5736.7375446762,
    260.0,
    260.0,
    260.0,
    5546.387583144162,
    29566.16246008948,
    637.0025365091476,
    260.0,
    9090.6936963865,
    260.0,
    10451.627343062499,
    197.90994795369167,
    5390.418464043005,
    256.76892326479316,
    260.0,
    9629.684830137447,
    257.9099479536917,
    260.0,
    20961.329499971285,
    220.0,
    260.0,
    3045.8168697517985,
    260.0,
    258.1939771236547,
    260.0,
    7482.490642620562,
    20944.60418969657,
    5425.578329899742,
    14217.354467314093,
    5202.0942634660905,
    220.0,
    220.0,
    260.0,
    14664.827681330644,
    260.0,
    230.0,
    260.0,
    260.0,
    260.0,
    260.0,
    190.83221219862187,
    260.0,
    260.0,
    259.19364208862027,
    29596.237561599635,
    260.0,
    13809.547499817896,
    7979.928960704542,
    260.0,
    260.0,
    260.0,
    260.0,
    257.5730964396534,
    260.0,
    9099.847125616934,
    2379.0139827376433,
    240.0,
    260.0,
    260.0,
    6148.738316877426,
    260.0,
    260.0,
    260.0,
    260.0,
    634.916771089531,
    19262.76135989367,
    26631.574608455427
  ],
  "episode_lengths": [
    1,
    8,
    1,
    1,
    4,
    6,
    1,
    7,
    5,
    1,
    1,
    1,
    1,
    1,
    15,
    6,
    2,
    4,
    1,
    1,
    2,
    2,
    1,
    1,
    2,
    1,
    1,
    1,
    3,
    1,
    1,
    2,
    2,
    4,
    1,
    1,
    1,
    2,
    15,
    6,
    1,
    15,
    1,
    2,
    2,
    3,
    2,
    1,
    4,
    2,
    1,
    8,
    1,
    1,
    4,
    1,
    2,
    1,
    8,
    8,
    4,
    15,
    2,
    1,
    1,
    1,
    2,
    1,
    1,
    1,
    1,
    1,
    1,
    3,
    1,
    1,
    2,
    15,
    1,
    15,
    15,
    1,
    1,
    1,
    1,
    2,
    1,
    15,
    4,
    1,
    1,
    1,
    2,
    1,
    1,
    1,
    1,
    2,
    14,
    15
  ],
  "training_losses": [
    23.15983772277832,
    135.69168090820312,
    25.534029006958008,
    32.85070037841797,
    73.9516372680664,
    160.6070556640625,
    67.99128723144531,
    109.82611083984375,
    26.8380069732666,
    251.4234619140625,
    90.96830749511719,
    37.18088150024414,
    157.23858642578125,
    56.22446823120117,
    173.36297607421875,
    284.3946228027344,
    50.494285583496094,
    98.6656723022461,
    132.56578063964844,
    19.7587890625,
    148.8515625,
    89.94094848632812,
    66.95329284667969,
    155.94332885742188,
    26.893577575683594,
    25.16351318359375,
    164.96078491210938,
    131.83644104003906,
    65.84465789794922,
    160.33644104003906,
    127.16393280029297,
    26.84000015258789,
    27.054641723632812,
    175.5438995361328,
    27.56239891052246,
    158.4103240966797,
    58.85614013671875,
    48.013126373291016,
    138.9296875,
    211.0060272216797,
    36.15993118286133,
    64.96527099609375,
    24.207275390625,
    86.11724090576172,
    81.73552703857422,
    55.0489501953125,
    66.14122009277344,
    55.694454193115234,
    156.59800720214844,
    50.84194564819336,
    25.78937530517578,
    119.03594970703125,
    25.9995174407959,
    144.90101623535156,
    91.69987487792969,
    36.15949630737305,
    138.01609802246094,
    149.1807098388672,
    26.227508544921875,
    141.3468017578125,
    26.84834861755371,
    124.6792221069336,
    53.14909744262695,
    85.73442077636719,
    30.956619262695312,
    28.841114044189453,
    25.444408416748047,
    60.79141616821289,
    25.811328887939453,
    104.72089385986328,
    135.4196319580078,
    31.690439224243164,
    53.8558235168457,
    24.202829360961914,
    23.711511611938477,
    220.10528564453125,
    25.824024200439453,
    26.33327293395996,
    98.72172546386719,
    44.01958465576172,
    24.892148971557617,
    25.30016326904297,
    134.15736389160156,
    29.386436462402344,
    42.66325378417969,
    43.488380432128906,
    25.52680206298828,
    55.754730224609375,
    173.96560668945312,
    28.668498992919922,
    100.07577514648438,
    28.2038516998291,
    25.452438354492188,
    26.009593963623047,
    107.30156707763672,
    24.98210906982422,
    87.98218536376953,
    76.5942611694336,
    116.15153503417969,
    63.87931823730469,
    46.24532699584961,
    148.36984252929688,
    92.03414916992188,
    157.24496459960938,
    27.510578155517578,
    42.651424407958984,
    58.1519660949707,
    138.36489868164062,
    117.69378662109375,
    104.73258209228516,
    27.063364028930664,
    26.231229782104492,
    55.61903381347656,
    66.2857437133789,
    87.2640380859375,
    219.11074829101562,
    25.93577766418457,
    107.63269805908203,
    93.38707733154297,
    23.88890838623047,
    120.287353515625,
    24.98956298828125,
    106.9853744506836,
    158.09048461914062,
    23.232776641845703,
    154.14907836914062,
    25.979185104370117,
    96.80110931396484,
    195.3543243408203,
    23.812824249267578,
    61.85631561279297,
    15.831783294677734,
    38.640357971191406,
    26.768566131591797,
    45.35559844970703,
    70.1852035522461,
    151.078857421875,
    27.38060760498047,
    26.757747650146484,
    28.563215255737305,
    27.015056610107422,
    25.424362182617188,
    24.947053909301758,
    48.89501190185547,
    108.70307922363281,
    65.10874938964844,
    56.11945724487305,
    40.986358642578125,
    70.33694458007812,
    77.8948745727539,
    71.87730407714844,
    47.216697692871094,
    127.40740203857422,
    49.086326599121094,
    37.294090270996094,
    27.408092498779297,
    187.64126586914062,
    98.64968872070312,
    50.9929313659668,
    75.50982666015625,
    27.482177734375,
    116.2497329711914,
    87.25856018066406,
    41.27172088623047,
    164.63919067382812,
    83.00666809082031,
    136.70480346679688,
    75.98954010009766,
    6.37495756149292,
    137.55264282226562,
    58.08374786376953,
    224.632080078125,
    26.19392967224121,
    23.01020050048828,
    25.958799362182617,
    48.278114318847656,
    26.916667938232422,
    97.29891967773438,
    25.43529510498047,
    24.122039794921875,
    217.8838348388672,
    82.67475891113281,
    232.27392578125,
    39.873104095458984,
    77.42134094238281,
    25.567323684692383,
    133.68240356445312,
    103.93777465820312,
    32.83304214477539,
    115.64433288574219,
    23.525442123413086,
    137.5379180908203,
    7.553896903991699,
    93.1995620727539,
    107.65290832519531,
    31.03667449951172,
    27.63595962524414,
    111.71898651123047,
    32.57038116455078,
    28.286266326904297,
    157.53204345703125,
    63.28923797607422,
    52.901084899902344,
    159.72946166992188,
    26.762134552001953,
    28.44213104248047,
    63.12298583984375,
    34.32149887084961,
    101.83502197265625,
    68.71522521972656,
    51.64903259277344,
    59.17530059814453,
    64.10699462890625,
    121.45551300048828,
    13.929069519042969,
    113.3762435913086,
    173.85037231445312,
    54.4572868347168,
    49.87312316894531,
    90.73243713378906,
    120.63251495361328,
    25.12451171875,
    22.703731536865234,
    25.702438354492188,
    115.6109848022461,
    54.766510009765625,
    147.24679565429688,
    302.421142578125,
    35.338409423828125,
    25.353784561157227,
    82.267822265625,
    123.85527801513672,
    80.88018798828125,
    75.08233642578125,
