{
  "episode": 99,
  "total_steps": 468,
  "timestamp": "2025-12-21T17:09:37.707265",
  "episode_rewards": [
    -78.01984049389776,
    -26.116411334209765,
    -97.82147939112396,
    -177.57607184454753,
    -52.607477878055334,
    -78.96285905388552,
    -11.754942319105467,
    -142.706677197232,
    530.0,
    530.0,
    -35.01565356106332,
    519.7258437492648,
    519.3818327063883,
    -145.67907021231733,
    486.3328021857957,
    -64.70742208144098,
    493.72803581278356,
    -33.529603820034936,
    513.2360369606653,
    -51.17360192664714,
    -63.30003971348293,
    474.9222113086979,
    530.0,
    441.00092917749066,
    -41.063507610722766,
    -95.84380056698662,
    -55.91099961078394,
    430.0,
    -34.99720636477589,
    -42.86268629619879,
    -24.17620380398352,
    -8.94011478834651,
    -74.31900645301329,
    -109.17550362745277,
    -83.52741791623004,
    -96.79901157426531,
    -204.28420126399232,
    49.639216223636936,
    -66.82103193034015,
    445.2400273337068,
    394.5739836200446,
    -138.1650580906063,
    501.0392590106146,
    980.0,
    -82.64037178228794,
    -35.84819140407895,
    -56.15962179951893,
    -230.0,
    -94.67632848432737,
    -53.50268812825993,
    537.1457896119623,
    -24.51811035448064,
    910.0,
    -115.35264489202079,
    -92.95129584824082,
    -42.39821582478826,
    493.05998191114975,
    -29.10941934235556,
    122.6864831966318,
    -58.89872345128792,
    -96.90257182247898,
    -76.37083739837456,
    -82.64562035122108,
    -38.804311317759016,
    -71.66205678111658,
    -156.3432635285438,
    -65.90519483243578,
    -45.19533306175554,
    -73.08755538727434,
    530.0,
    -43.32140360196108,
    482.15572281568046,
    -20.8024102946393,
    -35.32786707853057,
    -78.97618088048176,
    -69.75112163934766,
    491.1548951711209,
    365.3556580358693,
    -28.143520727718737,
    -60.355985463434834,
    -158.3906875583607,
    -75.62593346509331,
    -91.65022928495652,
    465.72381070933045,
    -14.94252674548873,
    -80.99133360538336,
    -186.27728404463173,
    407.6376364080195,
    500.58155246123425,
    -43.461635504441574,
    68.44577156427809,
    -77.25542289383296,
    -71.48312610325378,
    -106.43804831378196,
    -172.65139583623352,
    470.0,
    -63.709737147114176,
    509.306157386923,
    477.3996492243635,
    -8.898622942967158
  ],
  "episode_lengths": [
    9,
    5,
    8,
    4,
    9,
    4,
    5,
    5,
    1,
    1,
    4,
    2,
    6,
    4,
    5,
    4,
    4,
    4,
    2,
    4,
    5,
    3,
    1,
    6,
    5,
    5,
    5,
    2,
    5,
    5,
    6,
    6,
    4,
    5,
    6,
    4,
    4,
    4,
    5,
    2,
    5,
    4,
    6,
    5,
    8,
    4,
    6,
    4,
    5,
    6,
    2,
    4,
    4,
    4,
    5,
    4,
    5,
    6,
    5,
    5,
    5,
    4,
    4,
    5,
    4,
    4,
    4,
    6,
    10,
    1,
    6,
    2,
    4,
    4,
    5,
    5,
    5,
    3,
    4,
    4,
    6,
    10,
    4,
    5,
    7,
    8,
    4,
    5,
    2,
    6,
    5,
    6,
    5,
    6,
    7,
    4,
    5,
    3,
    2,
    4
  ],
  "training_losses": [
    74.22418212890625,
    74.58193969726562,
    59.66458511352539,
    101.90239715576172,
    49.72285842895508,
    65.07066345214844,
    57.9755973815918,
    50.45673370361328,
    61.82002258300781,
    43.78742599487305,
    56.31401062011719,
    36.426971435546875,
    54.184940338134766,
    73.33434295654297,
    58.457366943359375,
    49.747657775878906,
    51.21476745605469,
    56.74170684814453,
    40.486454010009766,
    40.86998748779297,
    37.446434020996094,
    66.33255004882812,
    37.3718376159668,
    49.50463104248047,
    54.710182189941406,
    44.070838928222656,
    42.76470947265625,
    44.73060989379883,
    50.242286682128906,
    52.3618049621582,
    35.99074935913086,
    64.60394287109375,
    60.36737060546875,
    43.632408142089844,
    47.81787109375,
    37.92391586303711,
    41.01143264770508,
    90.26358032226562,
    39.21202850341797,
    45.68388748168945,
    38.325435638427734,
    50.53181457519531,
    53.84649658203125,
    47.879390716552734,
    37.562156677246094,
    81.55940246582031,
    42.829978942871094,
    56.027801513671875,
    77.68284606933594,
    69.2522201538086,
    70.60587310791016,
    40.8087043762207,
    39.58710479736328,
    57.05862045288086,
    31.438812255859375,
    59.84354019165039,
    31.903709411621094,
    41.52064895629883,
    50.87976837158203,
    56.539825439453125,
    40.1458740234375,
    78.78638458251953,
    81.45317077636719,
    43.31707000732422,
    32.12132263183594,
    41.68859100341797,
    51.37162399291992,
    57.616371154785156,
    74.3940200805664,
    37.48625946044922,
    36.83552169799805,
    33.935546875,
    37.483943939208984,
    43.36268615722656,
    60.654571533203125,
    37.41535568237305,
    47.76271438598633,
    49.33314514160156,
    45.37107467651367,
    38.926170349121094,
    43.55287170410156,
    26.03171157836914,
    40.58757781982422,
    32.02162170410156,
    46.263633728027344,
    50.243934631347656,
    44.90591049194336,
    52.93412780761719,
    38.62348937988281,
    41.697853088378906,
    55.72644805908203,
    19.501794815063477,
    39.93896484375,
    31.93389129638672,
    43.43359375,
    50.741825103759766,
    78.86921691894531,
    37.23850631713867,
    96.67752075195312,
    67.56488037109375,
    36.868743896484375,
    36.99354553222656,
    51.27421951293945,
    38.87752151489258,
    35.99864196777344,
    35.8359489440918,
    44.00141525268555,
    32.66802215576172,
    34.34096145629883,
    60.097198486328125,
    38.735923767089844,
    35.07863998413086,
    43.440391540527344,
    24.430999755859375,
    81.72142028808594,
    26.635835647583008,
    21.990779876708984,
    30.041919708251953,
    48.73127746582031,
    38.988895416259766,
    44.78461837768555,
    65.8404312133789,
    84.1988296508789,
    35.81718826293945,
    22.928613662719727,
    63.15978240966797,
    26.87997055053711,
    27.84245491027832,
    35.57733154296875,
    34.05799102783203,
    37.89042282104492,
    55.66990280151367,
    20.371627807617188,
    50.27060317993164,
    20.680992126464844,
    37.72343063354492,
    42.338714599609375,
    61.299373626708984,
    25.28730583190918,
    40.286865234375,
    27.821247100830078,
    29.733631134033203,
    37.28912353515625,
    29.204906463623047,
    20.171897888183594,
    31.109451293945312,
    33.489707946777344,
    58.99078369140625,
    34.003753662109375,
    22.87789535522461,
    31.501785278320312,
    62.483909606933594,
    22.817411422729492,
    28.94388198852539,
    44.11566162109375,
    60.56288146972656,
    33.579315185546875,
    38.814979553222656,
    32.342247009277344,
    22.317176818847656,
    29.61190414428711,
    42.47751998901367,
    50.54801940917969,
    48.82313537597656,
    47.11553192138672,
    31.286746978759766,
    23.334850311279297,
    40.4342041015625,
    20.574726104736328,
    57.13857650756836,
    25.906112670898438,
    24.830318450927734,
    38.12824249267578,
    31.13260841369629,
    35.80068588256836,
    50.13532638549805,
    24.509685516357422,
    24.584735870361328,
    18.735153198242188,
    39.997684478759766,
    26.649486541748047,
    14.027524948120117,
    29.534452438354492,
    44.1946907043457,
    38.936893463134766,
    43.543853759765625,
    35.42665100097656,
    27.202255249023438,
    26.991371154785156,
    21.11988639831543,
    25.719806671142578,
    36.866600036621094,
    54.78483963012695,
    33.15175247192383,
    25.224252700805664,
    29.275562286376953,
    32.588539123535156,
    31.76317024230957,
    25.206850051879883,
    13.692625999450684,
    40.39091491699219,
    28.21710968017578,
    21.830678939819336,
    45.17058563232422,
    45.30884552001953,
    27.18886375427246,
    26.50874137878418,
    62.414669036865234,
