{
  "episode": 199,
  "total_steps": 894,
  "timestamp": "2025-12-21T17:10:31.250227",
  "episode_rewards": [
    -102.91122684048477,
    -56.90924145471762,
    18.499318005216594,
    -26.052164575610192,
    430.0,
    -87.61785600298751,
    -88.87667165470128,
    510.6888459297886,
    -28.027155905770194,
    -47.61506515865365,
    -132.24252438396437,
    -120.64706309995293,
    -77.4631781895473,
    -86.44910127819657,
    471.45740686820864,
    -66.59478878253441,
    336.47133888807923,
    -42.40121369577156,
    -30.230673034165484,
    -152.0013905093091,
    -80.0315049776018,
    -92.23711978813307,
    162.99405214136792,
    -184.19729284010486,
    -37.23253970131594,
    -102.0439661057724,
    -126.95973446646036,
    -140.16033475127023,
    -90.44800181822379,
    419.05793480033407,
    -93.8902223636669,
    -18.307189154396077,
    409.72354998158767,
    -17.750312806734854,
    464.50243255229213,
    -71.30318530908232,
    60.09218309491854,
    -41.496474022680204,
    -100.53231512540582,
    443.6297932979122,
    -108.66178803581815,
    -38.81124175131328,
    501.3715792033382,
    -59.22150371366686,
    530.0,
    444.1909137883359,
    50.44012227400006,
    -64.4131138920683,
    -60.77176808445083,
    159.00866279273515,
    -79.77269704120752,
    -76.53164072637328,
    -149.01972732854128,
    525.2058765644255,
    511.57316660608524,
    -115.82784799151774,
    483.38811028373993,
    508.9785962262046,
    445.27350606046457,
    820.7117609666294,
    1.5214070323584394,
    -99.40704059695143,
    -110.65347719525332,
    -44.12707938055223,
    518.2398743219917,
    -105.21720544492321,
    474.74154119119964,
    -10.921754532417703,
    498.15625215715136,
    -107.02231222092142,
    -90.25966200197195,
    530.0,
    -131.78509295698893,
    -126.72889778982014,
    -134.18035739231135,
    517.3719110074118,
    -66.76338724279677,
    -58.67548948451678,
    430.0,
    430.0,
    369.2308481435742,
    23.776139011551436,
    479.1340069207784,
    409.99888773000146,
    502.54067265435924,
    327.4785901935898,
    460.60876983660114,
    -70.82499858944527,
    -45.313289448311835,
    -60.179768346361456,
    530.0,
    -113.92570673080255,
    636.4977725122751,
    -19.33209544605317,
    534.6144540754949,
    -52.394749997808724,
    -72.86346953842471,
    -39.95368831160136,
    536.6587664569464,
    400.7025807951184
  ],
  "episode_lengths": [
    5,
    4,
    4,
    4,
    2,
    4,
    4,
    2,
    7,
    5,
    4,
    4,
    4,
    5,
    3,
    4,
    4,
    6,
    4,
    6,
    8,
    5,
    4,
    4,
    4,
    6,
    4,
    4,
    5,
    6,
    5,
    7,
    4,
    4,
    2,
    4,
    5,
    4,
    4,
    2,
    4,
    4,
    3,
    5,
    1,
    5,
    5,
    4,
    4,
    7,
    5,
    4,
    10,
    2,
    3,
    4,
    4,
    2,
    3,
    3,
    6,
    8,
    4,
    5,
    3,
    5,
    2,
    4,
    2,
    5,
    5,
    1,
    4,
    6,
    6,
    2,
    4,
    4,
    2,
    2,
    8,
    4,
    2,
    6,
    2,
    6,
    4,
    4,
    4,
    5,
    1,
    7,
    7,
    5,
    2,
    4,
    6,
    5,
    2,
    4
  ],
  "training_losses": [
    40.286865234375,
    27.821247100830078,
    29.733631134033203,
    37.28912353515625,
    29.204906463623047,
    20.171897888183594,
    31.109451293945312,
    33.489707946777344,
    58.99078369140625,
    34.003753662109375,
    22.87789535522461,
    31.501785278320312,
    62.483909606933594,
    22.817411422729492,
    28.94388198852539,
    44.11566162109375,
    60.56288146972656,
    33.579315185546875,
    38.814979553222656,
    32.342247009277344,
    22.317176818847656,
    29.61190414428711,
    42.47751998901367,
    50.54801940917969,
    48.82313537597656,
    47.11553192138672,
    31.286746978759766,
    23.334850311279297,
    40.4342041015625,
    20.574726104736328,
    57.13857650756836,
    25.906112670898438,
    24.830318450927734,
    38.12824249267578,
    31.13260841369629,
    35.80068588256836,
    50.13532638549805,
    24.509685516357422,
    24.584735870361328,
    18.735153198242188,
    39.997684478759766,
    26.649486541748047,
    14.027524948120117,
    29.534452438354492,
    44.1946907043457,
    38.936893463134766,
    43.543853759765625,
    35.42665100097656,
    27.202255249023438,
    26.991371154785156,
    21.11988639831543,
    25.719806671142578,
    36.866600036621094,
    54.78483963012695,
    33.15175247192383,
    25.224252700805664,
    29.275562286376953,
    32.588539123535156,
    31.76317024230957,
    25.206850051879883,
    13.692625999450684,
    40.39091491699219,
    28.21710968017578,
    21.830678939819336,
    45.17058563232422,
    45.30884552001953,
    27.18886375427246,
    26.50874137878418,
    62.414669036865234,
    51.78569030761719,
    56.6478157043457,
    26.6092472076416,
    17.419097900390625,
    22.353757858276367,
    35.66292953491211,
    22.88443374633789,
    39.04277801513672,
    16.640539169311523,
    25.482006072998047,
    29.113128662109375,
    20.44268035888672,
    27.096525192260742,
    35.51823043823242,
    20.046274185180664,
    23.071348190307617,
    16.270845413208008,
    17.274356842041016,
    18.50035285949707,
    21.64238929748535,
    27.299015045166016,
    60.92132568359375,
    41.408226013183594,
    18.616628646850586,
    35.47541427612305,
    14.458978652954102,
    66.24667358398438,
    27.693504333496094,
    34.2106819152832,
    21.831188201904297,
    43.359161376953125,
    21.165090560913086,
    34.31671905517578,
    28.620349884033203,
    12.134324073791504,
    36.35491180419922,
    30.231199264526367,
    11.11844539642334,
    38.298274993896484,
    47.559085845947266,
    20.543092727661133,
    22.656753540039062,
    25.347375869750977,
    34.5584831237793,
    21.558460235595703,
    46.61655044555664,
    45.63039779663086,
    14.530304908752441,
    36.9229736328125,
    27.899890899658203,
    27.18612289428711,
    17.405832290649414,
    47.768089294433594,
    22.969642639160156,
    22.51034164428711,
    41.100887298583984,
    29.028146743774414,
    22.942440032958984,
    24.81294822692871,
    40.91658401489258,
    34.72442626953125,
    14.37169361114502,
    18.605260848999023,
    29.698944091796875,
    23.564006805419922,
    30.866464614868164,
    96.45972442626953,
    42.2735595703125,
    31.689308166503906,
    30.92974281311035,
    8.02871322631836,
    24.139034271240234,
    31.262786865234375,
    19.740537643432617,
    10.715424537658691,
    16.81989860534668,
    17.24319839477539,
    22.484121322631836,
    11.657745361328125,
    9.842789649963379,
    14.263513565063477,
    32.141414642333984,
    16.025333404541016,
    32.4006462097168,
    31.94708251953125,
    29.410175323486328,
    10.029909133911133,
    21.057632446289062,
    19.000043869018555,
    15.461090087890625,
    33.467041015625,
    15.702604293823242,
    9.640238761901855,
    34.94636917114258,
    22.676225662231445,
    19.790861129760742,
    18.830684661865234,
    24.18515968322754,
    37.107364654541016,
    17.908809661865234,
    25.087541580200195,
    16.026504516601562,
    14.710175514221191,
    18.21719741821289,
    11.888078689575195,
    19.778793334960938,
    10.677061080932617,
    35.56014633178711,
    28.050579071044922,
    17.383989334106445,
    16.77589988708496,
    15.94072151184082,
    3.2168970108032227,
    26.681270599365234,
    36.525901794433594,
    16.10835075378418,
    25.498424530029297,
    15.520272254943848,
    28.63702392578125,
    14.72061538696289,
    10.331610679626465,
    18.06886100769043,
    15.406474113464355,
    21.3134708404541,
    15.41513442993164,
    8.110227584838867,
    36.29179763793945,
    38.43266296386719,
    23.865283966064453,
    22.78989601135254,
    16.101362228393555,
    4.897320747375488,
    18.831336975097656,
    25.57745361328125,
    46.72132873535156,
