{
  "episode": 1299,
  "total_steps": 9479,
  "timestamp": "2025-12-01T01:42:10.959041",
  "episode_rewards": [
    6697.331390956664,
    3621.457064085769,
    4675.817827282223,
    12518.109822933748,
    5574.588936064182,
    17314.236501556625,
    12019.834446254854,
    14081.674101564447,
    19353.895453128465,
    9488.034860540856,
    8387.832185515861,
    20267.631709479647,
    5514.533189115991,
    11519.984190394187,
    408.8593066355643,
    5586.324508961261,
    233.0652399634395,
    4115.30078243895,
    3269.462426270329,
    17854.86044620532,
    5585.127180344317,
    232.65277723068112,
    9988.233129715241,
    9413.094904820227,
    5864.593853347337,
    19158.986013648566,
    18300.998661803565,
    17510.147736164603,
    15522.516963396423,
    15645.164794374576,
    189.0652399634395,
    13234.110128966342,
    15753.618702216256,
    235.4631579478027,
    19753.79169397007,
    232.65277723068112,
    20125.241369103864,
    4806.508354448769,
    18009.649981145634,
    7235.72072077734,
    21300.637266267713,
    13099.990040259203,
    1580.8785631098012,
    1053.1417886503484,
    11920.734239684443,
    232.65277723068112,
    15542.718187117907,
    8432.838183503587,
    14234.280454383243,
    16742.346847182278,
    7658.758230682459,
    20170.924400180993,
    9379.807296052875,
    8850.852838788147,
    5042.866194860132,
    21685.85780152323,
    4548.074871495742,
    19351.30301193713,
    16645.114286375538,
    16165.81728774617,
    4408.786494577984,
    17588.988971671093,
    16126.160701656474,
    13144.982672607406,
    20071.99074060295,
    19301.560790358988,
    14258.314516898008,
    17802.7763450048,
    12368.678447306243,
    5711.744076671949,
    11878.956912009011,
    13204.919438466193,
    16314.615258017198,
    13213.712025504818,
    4483.210128841918,
    9208.145996394334,
    7288.907279307032,
    27516.303473562082,
    10329.390424889225,
    16095.478850203877,
    21633.665939942646,
    17485.43938792187,
    23951.044807032653,
    15709.952881328893,
    15753.844623595236,
    15888.104586543614,
    5741.66231189819,
    14436.8990151154,
    21608.7759060303,
    4880.327252026169,
    24372.102105239876,
    23812.17655407816,
    15642.21804357371,
    13346.004472476247,
    16218.268368327475,
    25195.138531064793,
    11219.20694332114,
    17601.358382104365,
    8497.824999567882,
    17703.342004069753
  ],
  "episode_lengths": [
    15,
    5,
    4,
    15,
    3,
    15,
    15,
    15,
    15,
    15,
    7,
    15,
    3,
    15,
    6,
    6,
    4,
    6,
    6,
    15,
    3,
    4,
    15,
    6,
    8,
    15,
    13,
    13,
    15,
    15,
    4,
    15,
    12,
    2,
    15,
    4,
    15,
    15,
    15,
    7,
    10,
    15,
    15,
    15,
    14,
    4,
    15,
    15,
    11,
    15,
    5,
    15,
    6,
    15,
    5,
    15,
    15,
    15,
    12,
    11,
    3,
    15,
    15,
    15,
    14,
    15,
    15,
    15,
    10,
    6,
    9,
    15,
    15,
    9,
    8,
    9,
    15,
    15,
    15,
    15,
    11,
    13,
    15,
    15,
    15,
    15,
    5,
    8,
    11,
    4,
    15,
    15,
    15,
    15,
    11,
    15,
    6,
    15,
    12,
    12
  ],
  "training_losses": [
    27.784746170043945,
    24.25618553161621,
    99.78117370605469,
    96.6260757446289,
    60.585052490234375,
    25.308706283569336,
    99.3695068359375,
    125.4701156616211,
    90.40956115722656,
    150.32754516601562,
    26.81786346435547,
    122.40762329101562,
    25.544475555419922,
    113.86518859863281,
    50.402587890625,
    44.12815475463867,
    172.3568572998047,
    51.735939025878906,
    95.39666748046875,
    270.15997314453125,
    155.40602111816406,
    34.47197723388672,
    54.83546447753906,
    90.88800048828125,
    216.4817657470703,
    59.69438171386719,
    188.2427978515625,
    93.64582824707031,
    92.56232452392578,
    26.524110794067383,
    57.30714797973633,
    170.3935546875,
    26.454801559448242,
    57.260765075683594,
    94.79932403564453,
    121.35209655761719,
    110.55229187011719,
    133.7384796142578,
    68.78025817871094,
    135.56021118164062,
    33.968353271484375,
    20.668617248535156,
    27.864030838012695,
    241.2652130126953,
    201.7312469482422,
    81.03730010986328,
    208.7559051513672,
    182.8496551513672,
    25.829147338867188,
    18.918554306030273,
    137.94032287597656,
    45.25619888305664,
    8.565116882324219,
    87.95447540283203,
    88.12094116210938,
    36.0876579284668,
    130.4762725830078,
    25.325244903564453,
    74.20042419433594,
    126.42631530761719,
    230.41015625,
    33.570804595947266,
    85.72325134277344,
    127.45610046386719,
    25.23509979248047,
    61.57145690917969,
    77.13414001464844,
    88.55699920654297,
    98.69861602783203,
    4.055082321166992,
    30.606765747070312,
    113.45443725585938,
    93.23780822753906,
    57.05476760864258,
    195.779296875,
    128.42047119140625,
    58.216407775878906,
    119.23834228515625,
    111.82411193847656,
    127.78392791748047,
    98.4794921875,
    67.57369995117188,
    52.21459197998047,
    293.9791564941406,
    102.96869659423828,
    25.518192291259766,
    73.57274627685547,
    111.74857330322266,
    134.99569702148438,
    143.6199951171875,
    55.262184143066406,
    24.687511444091797,
    89.65367126464844,
    44.18701171875,
    27.308080673217773,
    68.00812530517578,
    286.5521240234375,
    24.451534271240234,
    26.360340118408203,
    27.498525619506836,
    130.06228637695312,
    84.03140258789062,
    23.693206787109375,
    49.19429016113281,
    37.3093147277832,
    118.44271087646484,
    29.305084228515625,
    115.05654907226562,
    24.04262924194336,
    206.82240295410156,
    69.99132537841797,
    199.9693603515625,
    57.392822265625,
    56.62969207763672,
    180.8480224609375,
    58.9308967590332,
    14.214766502380371,
    70.94866180419922,
    119.13644409179688,
    24.73426055908203,
    145.31069946289062,
    183.6025848388672,
    122.8612060546875,
    234.82852172851562,
    57.82013702392578,
    139.78955078125,
    291.0516052246094,
    41.383888244628906,
    226.28289794921875,
    165.8810272216797,
    153.85215759277344,
    100.47830200195312,
    51.98584747314453,
    112.72885131835938,
    18.425472259521484,
    95.57907104492188,
    111.61961364746094,
    160.180908203125,
    303.83056640625,
    167.5322265625,
    211.21102905273438,
    230.0609130859375,
    117.57875061035156,
    113.52899169921875,
    93.58443450927734,
    55.23346710205078,
    74.99826049804688,
    87.51244354248047,
    24.454744338989258,
    52.344085693359375,
    24.58017921447754,
    263.5115966796875,
    179.10769653320312,
    61.93408203125,
    63.03990936279297,
    21.73126220703125,
    59.336490631103516,
    101.11740112304688,
    104.59225463867188,
    158.06065368652344,
    175.95077514648438,
    16.085548400878906,
    214.5082244873047,
    56.08361053466797,
    77.70381164550781,
    139.6255645751953,
    161.80850219726562,
    320.75341796875,
    128.6979217529297,
    125.43436431884766,
    37.99955749511719,
    115.00457763671875,
    152.69573974609375,
    113.85684204101562,
    59.94350814819336,
    101.05394744873047,
    265.8741455078125,
    187.6789093017578,
    153.25299072265625,
    22.09878921508789,
    232.41229248046875,
    89.43327331542969,
    116.00570678710938,
    178.2156982421875,
    25.2231388092041,
    26.554201126098633,
    104.74502563476562,
    100.53759765625,
    27.883453369140625,
    144.62339782714844,
    146.3427276611328,
    62.98759460449219,
    103.0884780883789,
    26.614898681640625,
    135.1193084716797,
    37.08493423461914,
    42.45724105834961,
    90.13572692871094,
    61.844085693359375,
    156.31689453125,
    46.36757278442383,
    153.02793884277344,
    23.98395538330078,
