{
  "episode": 1399,
  "total_steps": 10678,
  "timestamp": "2025-12-01T01:42:22.027617",
  "episode_rewards": [
    16693.1059927933,
    17601.358382104365,
    8416.720947582708,
    20138.40386574927,
    16327.358921010793,
    18152.367615694224,
    14405.434837572313,
    12443.905595637036,
    22105.846839097336,
    17682.57243703337,
    14196.513260576741,
    11778.89093316003,
    4966.856897378886,
    22187.22858831504,
    24821.083418853184,
    15524.044405315235,
    16390.87971366092,
    10104.846001337706,
    15776.995977729188,
    24522.07731676571,
    14705.307470148176,
    7191.575970955209,
    5849.271743800523,
    14830.449716929954,
    14835.339684446648,
    15806.315215617758,
    13807.324672223473,
    16964.47632459042,
    22178.773835694956,
    10012.970864117584,
    28986.849213446894,
    11219.20694332114,
    15622.373305892514,
    14298.564364584237,
    17986.667613147973,
    18928.53549172334,
    5038.2346386552435,
    255.8635468832537,
    12173.576387520452,
    15645.148518892867,
    12444.228134920959,
    12828.821263259386,
    10554.400481872519,
    9194.97109732628,
    21505.763326944376,
    29102.09539058429,
    24226.917595851526,
    13144.569284863199,
    11896.940607505303,
    15820.417253059037,
    260.0,
    18003.602103214624,
    12889.025908678715,
    20233.941323477065,
    232.93580767378046,
    8326.01079735962,
    16664.078812016873,
    260.0,
    11876.940607505303,
    18003.73153550428,
    26242.565646658855,
    17827.433317526138,
    18004.293144611667,
    14062.21121424018,
    18934.180146129154,
    17873.044113635013,
    15777.003678101079,
    16906.294877540637,
    19270.594912250435,
    1580.8620756302673,
    232.93580767378046,
    9443.544044548631,
    18662.744908046472,
    12464.347770142793,
    17078.48386565561,
    10740.758751402762,
    14689.230804190067,
    19867.031366579515,
    22054.518288792453,
    23003.162096887198,
    5042.866194860132,
    12188.756890231065,
    9297.153455222946,
    18378.175845721213,
    21633.665939942646,
    19619.983306761074,
    14924.360910978574,
    16628.124974911607,
    14705.307470148176,
    14661.4863111922,
    15522.516963396423,
    17244.28211148678,
    9379.807296052875,
    3586.479932977552,
    15710.426978804711,
    7179.792681997449,
    9379.807296052875,
    19662.950626816306,
    11313.976203465008,
    16601.583264233937
  ],
  "episode_lengths": [
    11,
    15,
    5,
    15,
    14,
    10,
    10,
    12,
    11,
    13,
    15,
    15,
    4,
    15,
    15,
    13,
    10,
    15,
    15,
    15,
    11,
    7,
    8,
    15,
    13,
    15,
    9,
    15,
    13,
    7,
    15,
    6,
    14,
    13,
    15,
    15,
    5,
    3,
    15,
    15,
    12,
    15,
    9,
    15,
    15,
    15,
    13,
    15,
    9,
    15,
    1,
    15,
    11,
    15,
    4,
    6,
    15,
    1,
    10,
    15,
    15,
    15,
    15,
    15,
    15,
    13,
    15,
    13,
    11,
    15,
    4,
    15,
    15,
    10,
    13,
    15,
    10,
    15,
    10,
    15,
    5,
    10,
    6,
    12,
    11,
    15,
    14,
    15,
    11,
    15,
    15,
    15,
    6,
    4,
    15,
    12,
    6,
    15,
    15,
    15
  ],
  "training_losses": [
    65.32813262939453,
    196.10507202148438,
    25.924388885498047,
    23.77977752685547,
    102.08748626708984,
    127.67395782470703,
    25.921424865722656,
    63.878013610839844,
    212.45761108398438,
    50.67918014526367,
    148.066162109375,
    6.509893417358398,
    92.0360107421875,
    155.2012176513672,
    156.5032196044922,
    113.44808197021484,
    63.910179138183594,
    91.51918029785156,
    24.083141326904297,
    369.2682189941406,
    112.02693939208984,
    86.03349304199219,
    23.608272552490234,
    130.08425903320312,
    235.53591918945312,
    57.932865142822266,
    122.79669189453125,
    122.23216247558594,
    32.812957763671875,
    121.33198547363281,
    106.26457214355469,
    71.31792449951172,
    90.63037872314453,
    145.26046752929688,
    213.97357177734375,
    42.997657775878906,
    55.80414581298828,
    119.01402282714844,
    129.85401916503906,
    74.15042114257812,
    243.79910278320312,
    118.70221710205078,
    80.09693908691406,
    166.43406677246094,
    152.03704833984375,
    315.50054931640625,
    300.2430725097656,
    78.9979248046875,
    42.653831481933594,
    26.435972213745117,
    125.71599578857422,
    188.32492065429688,
    270.74041748046875,
    111.01983642578125,
    102.07366943359375,
    102.20347595214844,
    46.695396423339844,
    284.52685546875,
    192.95254516601562,
    97.82003784179688,
    104.84114837646484,
    90.26895141601562,
    48.95210266113281,
    109.47145080566406,
    83.72420501708984,
    108.29859924316406,
    54.35570526123047,
    286.74078369140625,
    104.11842346191406,
    292.6787414550781,
    530.4712524414062,
    103.62631225585938,
    496.8933410644531,
    62.78841018676758,
    385.123046875,
    229.07752990722656,
    276.5594482421875,
    120.23529052734375,
    86.58126068115234,
    114.39314270019531,
    197.41384887695312,
    112.36051940917969,
    183.30084228515625,
    60.02283477783203,
    72.25489807128906,
    109.57182312011719,
    117.44444274902344,
    176.06295776367188,
    40.926544189453125,
    720.066162109375,
    169.59454345703125,
    720.330810546875,
    51.996612548828125,
    236.74069213867188,
    61.24839782714844,
    343.68896484375,
    55.640235900878906,
    21.94623374938965,
    32.45073699951172,
    46.92073059082031,
    91.57991027832031,
    105.06803894042969,
    65.57620239257812,
    264.2109680175781,
    44.94122314453125,
    59.892005920410156,
    56.0423583984375,
    32.247920989990234,
    28.44367218017578,
    532.802734375,
    118.43867492675781,
    157.6653289794922,
    24.147872924804688,
    310.24334716796875,
    264.7649230957031,
    257.4007568359375,
    67.85371398925781,
    178.10162353515625,
    76.08529663085938,
    236.72544860839844,
    201.64907836914062,
    17.058547973632812,
    44.342437744140625,
    66.44145202636719,
    71.47737121582031,
    71.51553344726562,
    24.31389617919922,
    137.95143127441406,
    247.0159912109375,
    12.573392868041992,
    306.36175537109375,
    84.69607543945312,
    140.6732177734375,
    176.84310913085938,
    54.116477966308594,
    25.558944702148438,
    176.08203125,
    21.609241485595703,
    113.55633544921875,
    92.83739471435547,
    75.15423583984375,
    74.25477600097656,
    49.227142333984375,
    98.47331237792969,
    98.00384521484375,
    77.57710266113281,
    236.88836669921875,
    137.4038543701172,
    179.25628662109375,
    285.1506652832031,
    123.56975555419922,
    119.31044006347656,
    17.73889923095703,
    192.9080352783203,
    204.85772705078125,
    82.9637451171875,
    106.37842559814453,
    85.09861755371094,
    27.15253257751465,
    24.584781646728516,
    98.90101623535156,
    136.7482147216797,
    25.64057731628418,
    38.69989776611328,
    41.50065994262695,
    54.42235565185547,
    96.48869323730469,
    145.91856384277344,
    127.29246520996094,
    99.22975158691406,
    181.08013916015625,
    61.604305267333984,
    25.70363426208496,
    124.70298767089844,
    173.2200164794922,
    46.902523040771484,
    249.2933349609375,
    23.173179626464844,
    140.1492919921875,
    149.75865173339844,
    135.9671630859375,
    10.91511058807373,
    63.524871826171875,
    60.86202621459961,
    137.4904022216797,
    70.86441040039062,
    52.18592071533203,
    238.63995361328125,
    50.24881362915039,
    326.37896728515625,
    92.5499496459961,
    202.64865112304688,
    74.18551635742188,
    24.244678497314453,
    167.49420166015625,
    33.083858489990234,
    78.358642578125,
    128.63272094726562,
    38.43193435668945,
    65.55316162109375,
    26.264558792114258,
