{
  "episode": 1899,
  "total_steps": 16716,
  "timestamp": "2025-12-01T01:43:16.172173",
  "episode_rewards": [
    11876.940607505303,
    11932.595132507198,
    9752.437728216271,
    232.65277723068112,
    21384.80828285721,
    21137.438377492752,
    14547.182325970918,
    16640.114286375538,
    13544.233258526041,
    18996.291236313973,
    9273.911063848385,
    30349.555753067052,
    22156.60289498586,
    10740.758751402762,
    11976.216508429088,
    16177.040921692997,
    260.0,
    15524.02328859413,
    15637.487488585226,
    15501.855128819416,
    15346.828748795084,
    15454.036167261169,
    8387.832185515861,
    7261.241931952218,
    18245.56156240037,
    11283.347388026506,
    19823.460766089313,
    17210.381617581123,
    4408.786494577984,
    15525.518548186748,
    22203.51580295413,
    7278.715550771118,
    18079.857662186543,
    232.93580767378046,
    26599.538704409595,
    11337.976203465008,
    12497.097037358128,
    2745.841031903971,
    15748.782910922548,
    17499.36562510162,
    11878.956912009011,
    15854.689079649783,
    15617.170735296566,
    13547.514629966681,
    13696.92174175249,
    16436.644185749934,
    16193.188968955625,
    19791.850398366405,
    408.8593066355643,
    21024.978776271324,
    24013.84167437521,
    13080.48985899651,
    19619.983306761074,
    5765.383700081053,
    13361.434165444578,
    20170.924400180993,
    13234.110128966342,
    20446.667904519934,
    7218.860806247072,
    229.65828222166607,
    10879.856642554572,
    14405.434837572313,
    15454.036167261169,
    5787.698564929987,
    16125.230696488305,
    7932.199082373543,
    10554.400481872519,
    20214.430091228387,
    2515.8116177768,
    12789.790192104065,
    24007.975218064264,
    12510.51657649296,
    13674.633893002612,
    15753.844623595236,
    13265.818898293785,
    17564.897228050497,
    11899.782149386403,
    15701.49256798087,
    260.0,
    5139.707228998866,
    11337.976203465008,
    12510.995234714195,
    26242.565646658855,
    11976.216508429088,
    11876.940607505303,
    13144.569284863199,
    17509.764230623507,
    9300.874696791023,
    21457.213527391297,
    10879.856642554572,
    16608.056845861993,
    14156.00456896701,
    9026.664819798867,
    20223.34340700005,
    3347.62643717052,
    4880.327252026169,
    14377.405292234118,
    7139.011469019294,
    5042.866194860132,
    22590.268476435493
  ],
  "episode_lengths": [
    10,
    15,
    15,
    4,
    15,
    15,
    7,
    13,
    10,
    15,
    15,
    15,
    15,
    15,
    15,
    13,
    1,
    13,
    13,
    12,
    15,
    15,
    7,
    8,
    13,
    9,
    15,
    12,
    3,
    12,
    15,
    5,
    15,
    4,
    15,
    15,
    15,
    15,
    15,
    11,
    9,
    15,
    15,
    10,
    15,
    15,
    13,
    15,
    6,
    15,
    15,
    15,
    15,
    15,
    9,
    15,
    15,
    15,
    7,
    3,
    15,
    10,
    15,
    15,
    13,
    15,
    9,
    15,
    3,
    7,
    15,
    15,
    15,
    15,
    13,
    15,
    9,
    15,
    1,
    4,
    15,
    15,
    15,
    15,
    10,
    15,
    13,
    8,
    15,
    15,
    15,
    10,
    8,
    15,
    2,
    4,
    15,
    8,
    5,
    15
  ],
  "training_losses": [
    97.07333374023438,
    205.65191650390625,
    63.617767333984375,
    149.02090454101562,
    143.5995330810547,
    98.99531555175781,
    143.99478149414062,
    25.5387020111084,
    64.29100799560547,
    48.366241455078125,
    120.10371398925781,
    45.00996780395508,
    42.620460510253906,
    110.85054016113281,
    281.4468994140625,
    161.9147186279297,
    87.08135986328125,
    188.06167602539062,
    31.00485610961914,
    89.32413482666016,
    37.74616241455078,
    157.0072021484375,
    46.250152587890625,
    125.7597885131836,
    144.78265380859375,
    45.037654876708984,
    93.87646484375,
    143.2396240234375,
    132.86431884765625,
    57.596893310546875,
    84.42652893066406,
    56.80580139160156,
    187.20977783203125,
    141.6985321044922,
    136.9920196533203,
    60.464073181152344,
    86.15696716308594,
    31.2760066986084,
    69.46160888671875,
    43.10997772216797,
    75.9094467163086,
    121.64276123046875,
    97.95108032226562,
    190.72213745117188,
    120.239990234375,
    89.07023620605469,
    171.98779296875,
    40.68132400512695,
    140.12704467773438,
    137.0135955810547,
    55.097015380859375,
    321.99688720703125,
    199.8124237060547,
    95.00071716308594,
    199.45089721679688,
    75.98770141601562,
    69.60153198242188,
    46.84115982055664,
    344.2437744140625,
    461.58758544921875,
    305.6436767578125,
    82.32119750976562,
    23.31665802001953,
    335.6038818359375,
    248.53062438964844,
    134.5361785888672,
    114.98619079589844,
    39.77936553955078,
    74.8402099609375,
    212.60028076171875,
    12.536905288696289,
    211.26492309570312,
    109.59065246582031,
    120.6848373413086,
    129.79791259765625,
    837.4640502929688,
    54.26736831665039,
    147.64224243164062,
    298.32537841796875,
    65.88980102539062,
    179.011962890625,
    62.659549713134766,
    112.0975570678711,
    135.2890625,
    326.5806884765625,
    188.26824951171875,
    88.53411865234375,
    74.007568359375,
    177.7239990234375,
    94.20219421386719,
    149.88873291015625,
    30.082927703857422,
    59.69867706298828,
    194.62095642089844,
    158.51783752441406,
    134.69949340820312,
    437.0986022949219,
    40.70630645751953,
    100.52046966552734,
    90.30677795410156,
    288.36834716796875,
    129.62078857421875,
    124.77278137207031,
    201.5513153076172,
    35.05750274658203,
    242.16973876953125,
    33.91321563720703,
    99.98171997070312,
    188.550537109375,
    127.01173400878906,
    103.12709045410156,
    160.08145141601562,
    201.37985229492188,
    497.01220703125,
    45.19313049316406,
    364.15252685546875,
    23.055137634277344,
    216.0874786376953,
    31.62353515625,
    28.961650848388672,
    37.4270133972168,
    184.73324584960938,
    59.883445739746094,
    12.112295150756836,
    149.69651794433594,
    56.238765716552734,
    79.1247329711914,
    110.55044555664062,
    22.56155776977539,
    67.04688262939453,
    41.447200775146484,
    23.317874908447266,
    182.25759887695312,
    193.47369384765625,
    170.6665802001953,
    370.3028259277344,
    106.45455932617188,
    78.3812255859375,
    57.80213165283203,
    25.65389060974121,
    195.90696716308594,
    134.37460327148438,
    88.63382720947266,
    194.72274780273438,
    91.806640625,
    119.55062866210938,
    97.65679931640625,
    113.1949234008789,
    149.17105102539062,
    53.27298355102539,
    116.55674743652344,
    182.29132080078125,
    21.85984230041504,
    160.19451904296875,
    45.6649055480957,
    83.31039428710938,
    123.56873321533203,
    291.756591796875,
    71.26750183105469,
    94.72586822509766,
    63.38999938964844,
    47.524940490722656,
    322.76947021484375,
    109.23622131347656,
    283.8030700683594,
    105.76026153564453,
    175.78567504882812,
    73.85881805419922,
    145.05807495117188,
    67.37336730957031,
    42.72936248779297,
    129.6393280029297,
    110.68260955810547,
    265.7453918457031,
    162.98086547851562,
    21.272417068481445,
    38.09059143066406,
    125.58162689208984,
    54.24488067626953,
    90.249267578125,
    61.17817687988281,
    71.06754302978516,
    53.204200744628906,
    73.09867858886719,
    394.2931823730469,
    99.33111572265625,
    78.04890441894531,
    76.21463012695312,
    49.68122863769531,
    108.64984130859375,
    107.94824981689453,
    129.80642700195312,
    100.5516586303711,
    212.23585510253906,
    138.4377899169922,
    30.685104370117188,
    299.48529052734375,
    433.30126953125,
    60.72462844848633,
    106.58068084716797,
    176.535888671875,
    196.3695831298828,
    76.52703857421875,
