{
  "episode": 899,
  "total_steps": 3904,
  "timestamp": "2025-12-21T17:18:47.942025",
  "episode_rewards": [
    -31.839086028085543,
    455.3311568338385,
    397.86774666690513,
    430.0,
    510.1262330082541,
    491.73508051076993,
    -27.649475088567225,
    -26.715959372022024,
    -36.70124998467873,
    524.1225870755596,
    413.70912165686343,
    -43.24751696069056,
    -82.38551872853695,
    -121.78059545847347,
    385.04164046438564,
    465.3965723885245,
    518.2139643076277,
    -50.94840664211931,
    687.8303464801772,
    -80.38133226395347,
    -60.00705852773079,
    -92.13383626286243,
    -48.19721652891718,
    -111.83839467616954,
    -104.39367087501843,
    500.1127420501966,
    -26.78613234370225,
    -53.455695563436024,
    -194.15146642056374,
    -94.12017049437236,
    -78.83307870450626,
    506.66448621746366,
    430.0,
    -106.97054843201185,
    -63.75895976500423,
    480.15195434377097,
    497.7863766367718,
    -77.64794834814019,
    401.80298995911414,
    323.3123867048163,
    447.9402598494456,
    -120.46246695928596,
    406.3733313823798,
    -43.39422413217186,
    371.67533062588006,
    490.46196065562697,
    520.1872169726594,
    531.679761325136,
    530.0,
    524.6847133502114,
    65.56110842222478,
    -47.90553666672825,
    -114.51672163134495,
    457.2090580038114,
    -60.879771874058235,
    488.0244269482569,
    467.23798288775697,
    -28.122813873688806,
    -74.96835740038341,
    -30.94732769251127,
    -45.39771430614629,
    -72.44892516621937,
    -94.07283322373715,
    531.6680843131132,
    -40.78689363410609,
    -14.241711554411538,
    -55.13230855762882,
    -121.63768508375348,
    -44.65478370917835,
    -81.02973457846973,
    439.3613501126075,
    512.5130995030614,
    412.32572185359265,
    -56.63962602141845,
    -42.244721023605706,
    -73.25348039632333,
    -117.87842138618393,
    530.0,
    527.792194302631,
    -37.03823410364684,
    -94.99670792066313,
    518.8413371042268,
    -141.6397993617752,
    -72.11326140399865,
    487.1424949397828,
    530.0,
    -69.3224302140018,
    -203.8161344078091,
    -82.85517939108706,
    526.045831843591,
    256.01825899875234,
    43.563449821597985,
    -84.20403008371731,
    -43.594244357031045,
    -34.28597841724635,
    -50.54315380916458,
    -76.58689307633887,
    430.0,
    -68.10629964512295,
    -15.70031572522004
  ],
  "episode_lengths": [
    4,
    2,
    4,
    2,
    4,
    2,
    6,
    4,
    4,
    2,
    4,
    5,
    4,
    4,
    4,
    4,
    4,
    4,
    5,
    4,
    5,
    4,
    4,
    7,
    5,
    4,
    5,
    7,
    6,
    4,
    6,
    5,
    2,
    5,
    4,
    2,
    2,
    5,
    4,
    4,
    4,
    4,
    4,
    6,
    4,
    5,
    6,
    3,
    1,
    2,
    4,
    4,
    4,
    6,
    5,
    3,
    4,
    4,
    5,
    4,
    5,
    4,
    5,
    3,
    6,
    4,
    4,
    7,
    9,
    5,
    4,
    7,
    9,
    4,
    4,
    5,
    6,
    1,
    4,
    7,
    4,
    2,
    4,
    5,
    3,
    1,
    5,
    4,
    5,
    2,
    5,
    5,
    4,
    6,
    4,
    5,
    4,
    2,
    4,
    5
  ],
  "training_losses": [
    8.188663482666016,
    24.79840850830078,
    17.893970489501953,
    11.184621810913086,
    40.61842346191406,
    18.740936279296875,
    52.7891731262207,
    27.842754364013672,
    8.056403160095215,
    26.780107498168945,
    28.71572494506836,
    3.221008539199829,
    15.411447525024414,
    31.826908111572266,
    22.119136810302734,
    22.309371948242188,
    16.431230545043945,
    20.064441680908203,
    35.6169319152832,
    47.32018280029297,
    25.799667358398438,
    37.303897857666016,
    8.890826225280762,
    54.035308837890625,
    25.018936157226562,
    10.627260208129883,
    4.745614051818848,
    14.050843238830566,
    30.655765533447266,
    22.436752319335938,
    8.693440437316895,
    6.15720796585083,
    12.45853042602539,
    22.572011947631836,
    5.764191627502441,
    15.945268630981445,
    18.575817108154297,
    18.241926193237305,
    37.13359832763672,
    13.54892349243164,
    41.761356353759766,
    14.045778274536133,
    2.900911331176758,
    23.1744441986084,
    12.478456497192383,
    12.678693771362305,
    7.689565658569336,
    32.20279312133789,
    30.62490463256836,
    32.1756591796875,
    12.895811080932617,
    42.74756622314453,
    11.868118286132812,
    46.58176803588867,
    25.89031982421875,
    14.808073043823242,
    31.012447357177734,
    8.984213829040527,
    5.073641777038574,
    19.71965980529785,
    26.1890869140625,
    18.411170959472656,
    20.8187198638916,
    12.603672981262207,
    37.17061996459961,
    21.714923858642578,
    36.61110305786133,
    16.9616641998291,
    30.92669105529785,
    23.887378692626953,
    24.277198791503906,
    12.370368003845215,
    31.194305419921875,
    29.23369789123535,
    7.090315818786621,
    48.3564567565918,
    24.204116821289062,
    28.028785705566406,
    35.21495819091797,
    37.12138748168945,
    10.606409072875977,
    33.03162384033203,
    31.279674530029297,
    20.982521057128906,
    40.38302993774414,
    21.065183639526367,
    45.15699768066406,
    48.85467529296875,
    22.573266983032227,
    24.00625228881836,
    21.88499641418457,
    48.142242431640625,
    14.818344116210938,
    8.465625762939453,
    3.6267964839935303,
    25.77446746826172,
    16.78301429748535,
    40.26616668701172,
    21.651004791259766,
    22.44594955444336,
    13.495625495910645,
    12.431306838989258,
    6.268293857574463,
    7.788100242614746,
    35.79868698120117,
    35.01445007324219,
    35.1741943359375,
    26.708086013793945,
    17.067848205566406,
    17.63303565979004,
    10.247055053710938,
    24.400745391845703,
    31.88409996032715,
    15.640334129333496,
    24.60988998413086,
    28.85077667236328,
    25.208293914794922,
    19.8632869720459,
    22.40591049194336,
    26.504913330078125,
    8.239387512207031,
    50.96758270263672,
    37.14016342163086,
    23.867692947387695,
    15.264053344726562,
    15.850178718566895,
    24.767162322998047,
    23.32047462463379,
    19.975204467773438,
    34.86107635498047,
    31.303443908691406,
    11.931970596313477,
    8.428445816040039,
    7.1234540939331055,
    29.611572265625,
    25.728893280029297,
    41.49248504638672,
    10.203744888305664,
    41.0081672668457,
    16.62832260131836,
    10.050296783447266,
    17.102802276611328,
    22.7554931640625,
    10.920747756958008,
    18.22613525390625,
    11.29932975769043,
    30.31321144104004,
    14.494560241699219,
    23.936864852905273,
    25.23526382446289,
    17.47915267944336,
    17.23291778564453,
    20.920995712280273,
    39.75382614135742,
    20.770305633544922,
    32.09569549560547,
    19.19805335998535,
    1.72312593460083,
    25.678878784179688,
    15.937129020690918,
    11.972986221313477,
    11.09627914428711,
    32.683990478515625,
    12.243389129638672,
    11.506940841674805,
    39.494911193847656,
    10.016386985778809,
    6.618094444274902,
    5.166337013244629,
    32.901729583740234,
    12.941892623901367,
    28.808378219604492,
    13.844852447509766,
    33.02907180786133,
    9.075154304504395,
    19.806978225708008,
    31.097248077392578,
    50.50083923339844,
    19.7005615234375,
    13.773030281066895,
    33.875572204589844,
    19.844276428222656,
    39.06224822998047,
    17.475872039794922,
    27.619609832763672,
    6.643082618713379,
    10.107479095458984,
    10.27921199798584,
    27.018177032470703,
    17.782867431640625,
    14.956952095031738,
    20.238662719726562,
    10.55017375946045,
    25.0538330078125,
    19.81177520751953,
    43.59165954589844,
    18.992141723632812,
    27.351160049438477,
    6.788567066192627,
    28.463768005371094,
    24.528396606445312,
    22.335268020629883,
    17.541479110717773,
    29.433504104614258,
    34.93855285644531,
