{
  "episode": 1499,
  "total_steps": 11872,
  "timestamp": "2025-12-01T01:42:32.742833",
  "episode_rewards": [
    22796.647770204396,
    15322.553388472546,
    26503.24429055493,
    18647.623511706333,
    19606.140639659367,
    15509.02716324103,
    13099.915501646989,
    4753.54926897969,
    16007.018879541845,
    17594.022833775474,
    27647.25268814792,
    11979.838782178833,
    6577.935923740087,
    17438.04798651544,
    11875.940607505303,
    14811.382856239306,
    11337.976203465008,
    25015.39464946995,
    16323.844350452604,
    24214.373871724125,
    9442.77447751225,
    19876.265914471547,
    21421.813208299933,
    5042.866194860132,
    260.0,
    6873.985895848843,
    16157.1544009886,
    233.0652399634395,
    15507.851641384843,
    25015.39464946995,
    18990.192947823023,
    12896.05297667711,
    22134.204423146155,
    19619.983306761074,
    7257.4911304161715,
    19548.481824763603,
    21501.14073156259,
    9026.742395108005,
    16395.417681178405,
    13774.056871966894,
    2745.841031903971,
    4678.637505359406,
    194.4061460006941,
    22104.73687300968,
    22985.308196405444,
    191.92114203721485,
    19886.964425818107,
    16916.933470218304,
    12896.05297667711,
    22886.95512257305,
    21421.813208299933,
    22754.172751939677,
    15660.518901138452,
    7235.72072077734,
    15797.640502009734,
    11906.927454322364,
    18315.43850111743,
    199.94747286502235,
    1158.9610887134047,
    9078.925109020745,
    1580.8620756302673,
    29676.77402801181,
    8254.944120058193,
    233.0652399634395,
    19104.688059064007,
    18648.494078160875,
    14830.459522197416,
    14405.438325006886,
    11896.940607505303,
    260.0,
    25036.696908841954,
    232.6833658036153,
    23037.801033223634,
    17654.4852255699,
    15509.21461233824,
    5077.290377972939,
    23333.70107627175,
    16124.238548894617,
    19032.37508016598,
    11240.551926983251,
    232.65277723068112,
    20858.42241758974,
    233.0652399634395,
    16001.616337251373,
    23521.995117444294,
    14405.438325006886,
    1158.9610887134047,
    11338.299386095585,
    16127.647184478255,
    16105.230696488305,
    4976.734535837068,
    21421.813208299933,
    11337.976203465008,
    15748.016150642443,
    17078.48386565561,
    14156.00456896701,
    13244.648582097321,
    17320.65515363474,
    12443.905595637036,
    21031.42154449776
  ],
  "episode_lengths": [
    15,
    15,
    11,
    15,
    15,
    13,
    15,
    5,
    15,
    15,
    15,
    15,
    12,
    14,
    9,
    14,
    15,
    15,
    15,
    15,
    15,
    15,
    15,
    5,
    1,
    15,
    13,
    4,
    12,
    15,
    15,
    13,
    15,
    15,
    7,
    15,
    15,
    15,
    15,
    9,
    15,
    4,
    4,
    12,
    15,
    4,
    10,
    12,
    13,
    15,
    15,
    15,
    10,
    7,
    13,
    15,
    15,
    2,
    3,
    15,
    15,
    15,
    4,
    4,
    15,
    15,
    15,
    10,
    9,
    1,
    15,
    4,
    15,
    15,
    10,
    15,
    15,
    12,
    15,
    15,
    4,
    15,
    4,
    10,
    15,
    10,
    3,
    15,
    12,
    14,
    4,
    15,
    15,
    15,
    13,
    10,
    13,
    15,
    12,
    15
  ],
  "training_losses": [
    88.68180847167969,
    51.866729736328125,
    121.88511657714844,
    298.66497802734375,
    144.966796875,
    162.0801544189453,
    9.89183521270752,
    50.18232727050781,
    60.269561767578125,
    259.01605224609375,
    124.0153579711914,
    50.329063415527344,
    57.39521026611328,
    61.13471603393555,
    164.21726989746094,
    86.50727844238281,
    43.15662384033203,
    33.17597198486328,
    197.02365112304688,
    80.72189331054688,
    17.7066707611084,
    339.7762756347656,
    62.190155029296875,
    33.95588684082031,
    125.86742401123047,
    99.77859497070312,
    120.54624938964844,
    142.02572631835938,
    89.82881164550781,
    13.74080753326416,
    167.491455078125,
    21.57891082763672,
    161.099609375,
    55.40030288696289,
    164.41360473632812,
    163.91162109375,
    132.22674560546875,
    47.17719268798828,
    64.68599700927734,
    339.3587646484375,
    28.416648864746094,
    32.537757873535156,
    23.991119384765625,
    151.616943359375,
    310.12847900390625,
    83.80584716796875,
    25.236968994140625,
    29.263057708740234,
    302.02197265625,
    124.11541748046875,
    23.809572219848633,
    86.12332153320312,
    111.17332458496094,
    45.090415954589844,
    106.53421783447266,
    23.937480926513672,
    31.456514358520508,
    181.79136657714844,
    110.415283203125,
    169.39151000976562,
    73.34542083740234,
    185.65310668945312,
    60.37310791015625,
    24.036041259765625,
    124.41023254394531,
    174.00845336914062,
    53.96429443359375,
    7.98680305480957,
    67.01522827148438,
    35.4653434753418,
    81.7384262084961,
    26.061248779296875,
    103.48597717285156,
    25.147340774536133,
    59.29051208496094,
    215.56488037109375,
    85.08975219726562,
    106.63237762451172,
    29.05982208251953,
    121.96021270751953,
    27.122211456298828,
    115.09671783447266,
    17.57126235961914,
    143.08709716796875,
    49.63263702392578,
    98.46805572509766,
    191.09320068359375,
    87.67807006835938,
    175.60581970214844,
    127.6694564819336,
    112.79127502441406,
    49.00148010253906,
    184.82476806640625,
    258.1374816894531,
    107.23262023925781,
    85.04600524902344,
    84.48136901855469,
    116.47642517089844,
    25.202600479125977,
    209.39022827148438,
    162.15969848632812,
    339.47760009765625,
    204.77285766601562,
    25.65036392211914,
    188.61923217773438,
    76.84872436523438,
    43.04920196533203,
    28.355182647705078,
    136.10289001464844,
    97.88685607910156,
    61.63627624511719,
    381.4940490722656,
    28.445842742919922,
    80.39376831054688,
    137.57266235351562,
    121.56587219238281,
    206.78773498535156,
    72.67433166503906,
    50.35147476196289,
    100.76646423339844,
    207.87490844726562,
    70.46441650390625,
    64.32650756835938,
    111.09016418457031,
    26.971473693847656,
    52.58953094482422,
    178.42930603027344,
    109.25106048583984,
    240.5912322998047,
    198.32711791992188,
    125.61056518554688,
    136.47152709960938,
    87.97213745117188,
    147.88072204589844,
    215.68338012695312,
    23.500690460205078,
    317.8336181640625,
    291.135986328125,
    109.63555908203125,
    137.43385314941406,
    247.49942016601562,
    22.633012771606445,
    96.9134750366211,
    262.3774719238281,
    23.863367080688477,
    167.5217742919922,
    256.1094055175781,
    25.094289779663086,
    116.05622100830078,
    44.576637268066406,
    255.44271850585938,
    63.99610900878906,
    223.38265991210938,
    396.14703369140625,
    141.2783660888672,
    357.79815673828125,
    209.80003356933594,
    147.05807495117188,
    180.75979614257812,
    143.0193328857422,
    79.7502670288086,
    108.30569458007812,
    159.34500122070312,
    104.11544036865234,
    94.15245819091797,
    265.76287841796875,
    74.97259521484375,
    151.26950073242188,
    98.97148895263672,
    134.43951416015625,
    93.85933685302734,
    56.29711151123047,
    100.06707000732422,
    24.506690979003906,
    34.025882720947266,
    346.9248046875,
    28.122854232788086,
    89.15811920166016,
    99.61454010009766,
    105.85379791259766,
    147.38389587402344,
    164.58642578125,
    255.0955047607422,
    206.24508666992188,
    113.27224731445312,
    18.66059112548828,
    66.39386749267578,
    33.52763748168945,
    61.302459716796875,
    362.76373291015625,
    93.8761978149414,
    90.16226196289062,
    59.655330657958984,
    113.63365173339844,
    30.111984252929688,
    110.87484741210938,
    46.66725158691406,
    194.45716857910156,
    58.299522399902344,
    87.49702453613281,
    81.92949676513672,
    153.0645751953125,
