{
  "episode": 1099,
  "total_steps": 4974,
  "timestamp": "2025-12-21T16:59:08.550116",
  "episode_rewards": [
    -18.96638603621257,
    444.77836997580374,
    482.3019608178751,
    -37.24122477041847,
    -32.46246393736849,
    38.34073348524815,
    -61.16882566570572,
    410.90948617089487,
    -43.006268221192535,
    19.679133326423553,
    -43.54412562493137,
    507.0812060224258,
    -5.631125845940815,
    -25.629453784571204,
    409.6771735414873,
    532.4533888373023,
    420.0,
    -47.16223320083791,
    -71.5267459121088,
    54.076148467839744,
    236.93585926569267,
    -133.27291762764395,
    -129.56905619357926,
    -32.24861855643671,
    -40.50387612282329,
    -3.5384384553261157,
    -127.64551029838145,
    -128.81604517992912,
    980.0,
    70.72821817229047,
    430.0,
    -88.24166581317482,
    414.16409387358055,
    -22.56011311409309,
    -34.593242225138624,
    -178.10322022634656,
    -22.722976500462494,
    -21.700213060649553,
    -64.93588838157994,
    -18.910734806123173,
    -39.82845322785319,
    -59.72657133483311,
    16.27242805025621,
    -97.1660104795653,
    -41.084673222373,
    -61.87232797606099,
    -51.90114839743213,
    -58.2896939942711,
    -22.771435024983056,
    520.8918721267065,
    -46.193685757050076,
    -25.634855267012625,
    31.615364494085895,
    -36.0945436832759,
    -64.27336914068951,
    517.4945188971391,
    -53.09044275231726,
    497.83995575009055,
    42.80110698281294,
    -31.973385179572823,
    456.68087123989636,
    -39.86119114423252,
    527.4945188971391,
    432.76486726437815,
    -44.43198707520819,
    -27.49456213452494,
    -86.93281961088951,
    430.0,
    -62.41314084711666,
    497.90946106227125,
    -53.7039766917171,
    924.716939477891,
    -48.963513855486326,
    -26.69909790652976,
    393.3382159865245,
    -19.121338910476602,
    -24.228399208526326,
    -29.98385068135778,
    523.1416424173111,
    252.9291433599958,
    10.588739184639039,
    381.2244599778466,
    430.0,
    493.2458584581267,
    -81.28419846913096,
    -59.9642651404725,
    -20.54692111287289,
    -13.045833559154701,
    -59.66564962547048,
    113.33134972443423,
    -60.814445957385786,
    380.0,
    430.0,
    -77.48490430673756,
    430.0,
    -33.4933001243363,
    -29.433285006604898,
    -320.0,
    503.438065981054,
    477.1057854481944
  ],
  "episode_lengths": [
    6,
    2,
    2,
    5,
    5,
    4,
    5,
    4,
    4,
    5,
    4,
    2,
    4,
    4,
    3,
    2,
    3,
    9,
    4,
    4,
    8,
    4,
    5,
    4,
    6,
    4,
    4,
    5,
    5,
    5,
    2,
    6,
    3,
    5,
    6,
    4,
    5,
    6,
    7,
    4,
    4,
    4,
    4,
    5,
    4,
    5,
    5,
    5,
    6,
    4,
    4,
    4,
    5,
    6,
    5,
    3,
    5,
    3,
    4,
    5,
    4,
    6,
    2,
    8,
    6,
    5,
    8,
    2,
    4,
    3,
    4,
    8,
    5,
    5,
    4,
    5,
    4,
    4,
    2,
    4,
    6,
    4,
    2,
    5,
    4,
    4,
    4,
    6,
    7,
    8,
    4,
    4,
    2,
    5,
    2,
    6,
    7,
    4,
    5,
    5
  ],
  "training_losses": [
    9.746566772460938,
    7.854396343231201,
    10.598215103149414,
    13.032184600830078,
    4.127362251281738,
    22.466018676757812,
    25.842735290527344,
    12.481204986572266,
    2.311950445175171,
    3.740636110305786,
    6.118751525878906,
    5.71859073638916,
    7.145993709564209,
    31.10591697692871,
    9.935698509216309,
    17.3316650390625,
    20.374019622802734,
    13.881237030029297,
    10.736425399780273,
    13.963136672973633,
    8.398932456970215,
    12.228165626525879,
    17.728099822998047,
    16.32172393798828,
    23.228355407714844,
    3.5343680381774902,
    10.470609664916992,
    7.583236217498779,
    11.749765396118164,
    15.635047912597656,
    7.234408855438232,
    7.056327819824219,
    11.23175048828125,
    11.297676086425781,
    28.652786254882812,
    25.26435089111328,
    13.407018661499023,
    18.834312438964844,
    13.56747817993164,
    6.644432067871094,
    30.240053176879883,
    17.217926025390625,
    38.44266128540039,
    14.221024513244629,
    19.856611251831055,
    17.014501571655273,
    25.972881317138672,
    6.038032531738281,
    16.207075119018555,
    16.662813186645508,
    30.518312454223633,
    12.129434585571289,
    31.568153381347656,
    24.89995574951172,
    16.495296478271484,
    7.576338291168213,
    23.274555206298828,
    3.4346981048583984,
    39.02078628540039,
    17.762386322021484,
    9.858126640319824,
    12.131498336791992,
    36.434104919433594,
    19.156408309936523,
    7.911444664001465,
    14.530292510986328,
    17.857526779174805,
    29.791584014892578,
    30.832429885864258,
    9.498968124389648,
    20.309490203857422,
    6.94421911239624,
    10.694555282592773,
    13.795777320861816,
    13.476847648620605,
    36.24214553833008,
    22.067462921142578,
    1.1645534038543701,
    15.19701862335205,
    15.527016639709473,
    37.929962158203125,
    25.453893661499023,
    17.82697296142578,
    5.8006463050842285,
    10.922111511230469,
    7.915651321411133,
    14.273212432861328,
    25.25412940979004,
    7.628455638885498,
    18.88191795349121,
    6.929529190063477,
    18.371583938598633,
    15.674457550048828,
    28.145479202270508,
    1.5624470710754395,
    24.514902114868164,
    16.88569450378418,
    21.654714584350586,
    2.044260025024414,
    8.971875190734863,
    20.867238998413086,
    3.9637632369995117,
    20.185434341430664,
    8.945907592773438,
    6.516579627990723,
    46.84537887573242,
    13.34068489074707,
    5.313003063201904,
    3.639603853225708,
    11.847917556762695,
    37.42593765258789,
    3.545865535736084,
    10.040407180786133,
    35.53655242919922,
    12.044483184814453,
    8.3417387008667,
    20.12732696533203,
    17.002521514892578,
    17.232677459716797,
    23.192928314208984,
    20.358158111572266,
    22.04762840270996,
    22.09465789794922,
    11.003607749938965,
    13.560246467590332,
    11.350154876708984,
    18.965518951416016,
    10.780678749084473,
    35.78553009033203,
    6.297319412231445,
    41.982723236083984,
    26.8526668548584,
    16.742401123046875,
    8.329292297363281,
    9.291715621948242,
    13.595003128051758,
    20.018024444580078,
    29.33316421508789,
    9.475157737731934,
    32.873844146728516,
    8.763079643249512,
    11.114809036254883,
    23.660289764404297,
    28.3821964263916,
    2.2415852546691895,
    18.343708038330078,
    29.96682357788086,
    26.32986068725586,
    8.843535423278809,
    14.688114166259766,
    24.7531795501709,
    3.764247179031372,
    22.281301498413086,
    16.82573127746582,
    10.37442684173584,
    13.75037956237793,
    13.908462524414062,
    3.049014091491699,
    5.183603286743164,
    5.720917224884033,
    14.575973510742188,
    14.726828575134277,
    14.561220169067383,
    17.60371208190918,
    8.575926780700684,
    5.7405900955200195,
    16.20079803466797,
    26.90056610107422,
    16.116954803466797,
    20.909345626831055,
    7.869758605957031,
    6.918671131134033,
    9.97380542755127,
    14.117030143737793,
    18.908475875854492,
    17.578638076782227,
    10.679298400878906,
    15.963874816894531,
    24.903793334960938,
    4.441657066345215,
    21.84530258178711,
    19.044191360473633,
    14.967366218566895,
    18.596582412719727,
    5.856296539306641,
    7.134451866149902,
    27.603557586669922,
    22.281356811523438,
    13.078409194946289,
    6.193408012390137,
    24.556547164916992,
    34.47310256958008,
    18.02845001220703,
    7.78819465637207,
    11.255218505859375,
    35.301170349121094,
    41.92725372314453,
    20.993371963500977,
    8.955059051513672,
    13.137834548950195,
    4.252452850341797,
    7.858275890350342,
    40.10319137573242,
    8.069672584533691,
    10.70464038848877,
    20.1380615234375,
