{
  "episode": 1899,
  "total_steps": 8543,
  "timestamp": "2025-12-21T17:06:26.990615",
  "episode_rewards": [
    -81.33861773757519,
    -76.77622264488761,
    -8.091091127659311,
    458.83938454657994,
    -134.2179767312856,
    511.24641827672576,
    -31.593044314511648,
    1013.9510418228632,
    -188.6725346512026,
    -95.1721485009187,
    -16.280603457878716,
    -65.1708801421249,
    -109.84783105083613,
    -75.11962837243713,
    40.460692606263166,
    420.0,
    -93.31285588198563,
    517.2204628154446,
    -45.29394770613289,
    525.5444108683427,
    -27.94859645982197,
    -25.1957605202952,
    1.8302000124121633,
    -63.831973052081004,
    -30.221126580188056,
    66.60583734947826,
    -111.98439585189925,
    -45.19828694260717,
    799.0,
    398.57502142475676,
    -66.96819150623453,
    -35.0583003032951,
    -122.20031008564237,
    -16.73635581263282,
    -127.11945540802925,
    980.0,
    -72.28273008347199,
    470.0,
    -25.50041973723188,
    -35.61925398881492,
    429.49823405440577,
    -48.308348113269275,
    -100.28553335222091,
    430.0,
    20.71644737575768,
    -32.3869713272133,
    511.53128949944545,
    430.0,
    26.037689591193356,
    470.0,
    44.91598832485374,
    -15.464156075454218,
    -60.44029186313958,
    -32.755790788699116,
    -57.94997299556024,
    -83.49485498008464,
    -2.191959849128782,
    -59.141834017340514,
    -99.08728958263623,
    -40.29843787433672,
    441.524403798566,
    -36.59789780345848,
    -44.01320161732629,
    53.029585983743075,
    367.2755699057203,
    -30.800065067706157,
    430.0,
    52.40523002318288,
    255.74189404005483,
    -133.8609805595553,
    -57.36837623019219,
    -113.91934964834442,
    455.94816352603635,
    430.2819662251391,
    -186.24551619604296,
    525.7820232687144,
    -22.226859706865255,
    -56.524980343385025,
    563.3745990120392,
    -33.43974566887624,
    -72.56468293084122,
    -46.002621090551116,
    524.8809154889639,
    -49.130725962446995,
    391.9697679692025,
    -90.22659114815434,
    380.0,
    -63.88616896029408,
    501.53128949944545,
    -61.05234205350629,
    525.7321500420994,
    -43.24835965553055,
    519.9826091728733,
    -162.58908759097753,
    -20.661136072648006,
    -129.33952077365262,
    -86.2788835308912,
    29.420653843663956,
    -35.033571924366,
    -49.54387219009459
  ],
  "episode_lengths": [
    5,
    4,
    6,
    6,
    4,
    2,
    6,
    4,
    5,
    4,
    5,
    4,
    6,
    4,
    4,
    3,
    4,
    2,
    4,
    2,
    4,
    5,
    5,
    6,
    4,
    5,
    5,
    6,
    6,
    5,
    6,
    4,
    4,
    4,
    4,
    5,
    6,
    4,
    4,
    6,
    4,
    4,
    4,
    2,
    7,
    4,
    2,
    2,
    9,
    4,
    5,
    5,
    4,
    4,
    5,
    8,
    6,
    4,
    4,
    4,
    4,
    4,
    4,
    4,
    5,
    6,
    2,
    7,
    4,
    5,
    8,
    8,
    3,
    2,
    4,
    2,
    4,
    5,
    5,
    4,
    4,
    5,
    4,
    6,
    8,
    4,
    4,
    4,
    3,
    4,
    2,
    4,
    2,
    5,
    4,
    4,
    4,
    5,
    4,
    5
  ],
  "training_losses": [
    12.521895408630371,
    10.245176315307617,
    2.8198976516723633,
    7.831105709075928,
    12.998706817626953,
    21.93497085571289,
    12.601593017578125,
    14.553733825683594,
    22.59383773803711,
    30.943096160888672,
    13.011087417602539,
    12.28007984161377,
    2.0920138359069824,
    13.157440185546875,
    9.763607025146484,
    25.258974075317383,
    8.924538612365723,
    27.263254165649414,
    24.879467010498047,
    10.832907676696777,
    26.330055236816406,
    10.159552574157715,
    9.171599388122559,
    10.182777404785156,
    26.40477752685547,
    16.570232391357422,
    34.83377456665039,
    8.922765731811523,
    12.42045783996582,
    28.565439224243164,
    28.719223022460938,
    7.333073616027832,
    26.80001449584961,
    15.926935195922852,
    8.947126388549805,
    12.736377716064453,
    17.117279052734375,
    16.035226821899414,
    25.063600540161133,
    15.060802459716797,
    21.414735794067383,
    5.479301929473877,
    6.175137996673584,
    10.52000617980957,
    16.496578216552734,
    16.66521453857422,
    22.54486083984375,
    14.622087478637695,
    6.690127372741699,
    11.912975311279297,
    20.648386001586914,
    14.650740623474121,
    14.722151756286621,
    17.219921112060547,
    27.399600982666016,
    18.726268768310547,
    19.007596969604492,
    21.016386032104492,
    30.97385025024414,
    20.228307723999023,
    10.828857421875,
    31.687328338623047,
    24.350557327270508,
    17.054094314575195,
    21.803207397460938,
    8.96450138092041,
    21.55431365966797,
    12.884317398071289,
    26.7481632232666,
    14.575155258178711,
    13.59019660949707,
    11.253592491149902,
    13.368824005126953,
    3.605293035507202,
    13.938758850097656,
    22.029726028442383,
    4.429887771606445,
    13.720784187316895,
    19.56180191040039,
    11.348397254943848,
    17.45077133178711,
    14.824634552001953,
    11.678812026977539,
    29.590576171875,
    9.305695533752441,
    17.085111618041992,
    19.12138557434082,
    14.201501846313477,
    13.777349472045898,
    24.624130249023438,
    11.205601692199707,
    16.029041290283203,
    12.815849304199219,
    26.889102935791016,
    24.857669830322266,
    12.26842975616455,
    10.832797050476074,
    15.529850006103516,
    11.06340503692627,
    17.26984977722168,
    11.369611740112305,
    16.082237243652344,
    11.037956237792969,
    14.151718139648438,
    6.761969566345215,
    8.597179412841797,
    6.747204303741455,
    15.956558227539062,
    25.117427825927734,
    11.048158645629883,
    20.54747772216797,
    29.407089233398438,
    18.920833587646484,
    12.510263442993164,
    3.5786867141723633,
    16.510482788085938,
    18.75465965270996,
    28.472984313964844,
    27.100231170654297,
    19.277320861816406,
    8.684231758117676,
    15.059829711914062,
    21.326616287231445,
    13.165153503417969,
    14.157880783081055,
    15.012004852294922,
    1.5917227268218994,
    6.870178699493408,
    16.360328674316406,
    16.406414031982422,
    11.10680103302002,
    31.810871124267578,
    14.34175968170166,
    17.777301788330078,
    27.086315155029297,
    1.5626511573791504,
    3.92543888092041,
    20.353351593017578,
    35.996803283691406,
    15.71474838256836,
    25.942922592163086,
    33.50389862060547,
    2.3888823986053467,
    25.369426727294922,
    24.578786849975586,
    6.847505569458008,
    1.5652132034301758,
    10.882433891296387,
    25.28736686706543,
    17.110506057739258,
    6.313206672668457,
    19.742961883544922,
    27.41583251953125,
    28.69611358642578,
    37.0233039855957,
    9.33659553527832,
    25.383371353149414,
    38.7299690246582,
    18.274829864501953,
    20.364395141601562,
    18.048954010009766,
    10.279336929321289,
    12.427742004394531,
    32.096553802490234,
    2.1548397541046143,
    7.015790939331055,
    8.117445945739746,
    20.981325149536133,
    7.7565412521362305,
    11.055425643920898,
    39.50497055053711,
    14.409103393554688,
    11.846073150634766,
    36.470787048339844,
    26.546615600585938,
    25.84465789794922,
    5.003593921661377,
    12.145822525024414,
    9.107486724853516,
    11.403446197509766,
    6.824134826660156,
    6.911905765533447,
    24.247135162353516,
    12.705343246459961,
    17.334060668945312,
    13.177834510803223,
    32.99034118652344,
    19.042072296142578,
    9.317143440246582,
    20.6007080078125,
    12.976943969726562,
    12.929961204528809,
    11.599283218383789,
    26.172834396362305,
    44.0635986328125,
    22.093624114990234,
    18.51866912841797,
    26.061691284179688,
    19.68058204650879,
    7.996266841888428,
    24.359771728515625,
    23.431800842285156,
    22.82512855529785,
    15.59250259399414,
    21.115249633789062,
