{
  "episode": 1299,
  "total_steps": 5902,
  "timestamp": "2025-12-21T17:00:59.070506",
  "episode_rewards": [
    -137.3712900215822,
    -127.12633302028728,
    -138.48832500612116,
    448.5031139169583,
    -29.92173445950059,
    -45.81162879075794,
    523.1679614545395,
    -33.6838083664051,
    281.5373742762723,
    35.30188894414812,
    980.0,
    -3.5333074861803127,
    -64.21400748911176,
    -131.08399004946432,
    -78.21269998801236,
    -141.21734642857476,
    -83.13013150894612,
    38.97690668013732,
    -120.12873087450457,
    -84.33196554409975,
    0.5793679325531116,
    -20.280950311804446,
    430.0,
    -34.46289036610485,
    -27.09849975941563,
    195.43394777373436,
    -59.60749595905744,
    -165.46273221715302,
    364.9213096421912,
    473.2159112527347,
    36.769855024114634,
    320.84355388477337,
    1010.0,
    10.187743227737215,
    430.0,
    -87.75131756814112,
    -59.83187733398418,
    -25.719272213872507,
    822.6037337407749,
    -19.616313126794807,
    -142.20162881187224,
    410.2302051312995,
    -211.09315498813362,
    487.60257431320673,
    430.0,
    252.24920599695582,
    527.5208574601684,
    377.9177487173198,
    510.0183021177623,
    430.0,
    -63.22197608430845,
    -3.683733596449173,
    899.0,
    344.978670677309,
    520.5168268711095,
    448.75919815504096,
    -55.46849543817258,
    424.35688995900574,
    80.7608468736387,
    -36.297786808318214,
    -14.332676957994352,
    -136.19368575705008,
    -35.89211818249109,
    511.26570678636295,
    -80.03056188347401,
    204.68762295672536,
    -58.67193985326249,
    -21.23528795921248,
    343.62632040852066,
    -25.020820100126883,
    68.74365493924083,
    447.1144016190822,
    -68.11333862873025,
    -59.867663314823325,
    -28.04986020205651,
    482.05002700443976,
    -160.09741751257462,
    -153.31993806490817,
    514.5924037200732,
    112.66552653210465,
    529.7312537296663,
    380.0,
    -68.5730097758742,
    496.4845773461632,
    444.29030488788675,
    -148.95320059031246,
    488.2284335030627,
    514.2661059564228,
    13.972964610589159,
    565.374315065097,
    430.0,
    522.79308733935,
    -51.932177160747386,
    -9.161877131630604,
    506.879462592577,
    269.226419976947,
    -42.50403735630707,
    -85.42384504080546,
    -45.97083856337821,
    523.2458584581267
  ],
  "episode_lengths": [
    4,
    4,
    4,
    12,
    6,
    4,
    2,
    4,
    5,
    6,
    5,
    5,
    4,
    4,
    5,
    4,
    6,
    5,
    4,
    5,
    4,
    6,
    2,
    9,
    6,
    4,
    5,
    5,
    4,
    2,
    5,
    3,
    3,
    4,
    2,
    4,
    4,
    4,
    6,
    4,
    4,
    4,
    4,
    4,
    2,
    7,
    2,
    3,
    3,
    2,
    6,
    7,
    5,
    7,
    2,
    3,
    6,
    7,
    8,
    4,
    5,
    4,
    8,
    6,
    8,
    4,
    9,
    4,
    5,
    5,
    6,
    5,
    6,
    5,
    7,
    4,
    4,
    5,
    2,
    5,
    2,
    4,
    4,
    2,
    4,
    4,
    6,
    7,
    5,
    5,
    2,
    2,
    5,
    5,
    7,
    5,
    5,
    5,
    7,
    2
  ],
  "training_losses": [
    9.523736953735352,
    20.872623443603516,
    11.0963773727417,
    18.730445861816406,
    11.959248542785645,
    7.580308437347412,
    35.03156661987305,
    19.868938446044922,
    23.46209144592285,
    7.94539213180542,
    36.30322265625,
    39.3600959777832,
    13.450654029846191,
    46.64910125732422,
    27.121238708496094,
    6.594788074493408,
    10.092988967895508,
    27.10095977783203,
    16.319223403930664,
    19.431692123413086,
    7.982074737548828,
    13.559303283691406,
    3.488069772720337,
    26.74013328552246,
    24.3570499420166,
    26.832015991210938,
    19.527416229248047,
    19.486717224121094,
    14.335052490234375,
    16.8004150390625,
    14.260656356811523,
    11.647171974182129,
    16.824180603027344,
    12.451194763183594,
    25.941436767578125,
    29.273534774780273,
    3.8209786415100098,
    14.9666166305542,
    9.287619590759277,
    26.638795852661133,
    24.598796844482422,
    17.648590087890625,
    12.18479061126709,
    6.400865077972412,
    27.78533363342285,
    10.752971649169922,
    12.169122695922852,
    20.821582794189453,
    33.58891296386719,
    20.193849563598633,
    34.95273971557617,
    21.56952667236328,
    15.269359588623047,
    12.611867904663086,
    23.250551223754883,
    16.485427856445312,
    14.904770851135254,
    4.230492115020752,
    8.16370964050293,
    16.95602798461914,
    22.489076614379883,
    23.807861328125,
    14.213885307312012,
    13.096344947814941,
    27.308177947998047,
    18.683753967285156,
    5.24967098236084,
    8.127861022949219,
    13.986175537109375,
    3.343634843826294,
    22.304428100585938,
    20.164627075195312,
    17.633007049560547,
    20.069067001342773,
    21.04094696044922,
    15.08250617980957,
    8.924473762512207,
    23.47543716430664,
    36.38755798339844,
    13.212428092956543,
    5.939144134521484,
    4.526709079742432,
    22.609745025634766,
    3.18654727935791,
    17.336591720581055,
    15.410663604736328,
    33.70112609863281,
    17.932968139648438,
    12.8408203125,
    9.790006637573242,
    20.687026977539062,
    32.07487869262695,
    17.89741325378418,
    4.280022621154785,
    3.0700409412384033,
    20.18334197998047,
    19.532611846923828,
    6.230848789215088,
    9.954679489135742,
    26.788421630859375,
    12.132638931274414,
    21.15928840637207,
    7.983700275421143,
    5.3354172706604,
    5.625613212585449,
    19.43555450439453,
    15.281272888183594,
    21.714345932006836,
    18.32493782043457,
    13.447948455810547,
    44.725189208984375,
    11.285710334777832,
    7.741181373596191,
    7.813802719116211,
    2.102440595626831,
    14.949301719665527,
    21.92490577697754,
    31.5664119720459,
    15.949676513671875,
    6.47450065612793,
    15.934270858764648,
    9.252812385559082,
    2.6419219970703125,
    29.229440689086914,
    16.26567268371582,
    24.193065643310547,
    28.013755798339844,
    35.32698059082031,
    15.742176055908203,
    7.251860618591309,
    24.47994041442871,
    23.662750244140625,
    10.101130485534668,
    28.118396759033203,
    5.062800884246826,
    11.035058975219727,
    10.663745880126953,
    10.234273910522461,
    10.888764381408691,
    15.208640098571777,
    16.570640563964844,
    18.78784942626953,
    7.863951683044434,
    10.418736457824707,
    18.858753204345703,
    19.281686782836914,
    6.144757270812988,
    11.54871940612793,
    15.434515953063965,
    4.227522850036621,
    15.305704116821289,
    32.27648162841797,
    37.840362548828125,
    19.366735458374023,
    32.98797607421875,
    36.337181091308594,
    10.105683326721191,
    5.752368927001953,
    33.0693359375,
    10.005060195922852,
    14.617216110229492,
    23.042396545410156,
    11.51794147491455,
    14.12314224243164,
    19.554227828979492,
    29.178237915039062,
    22.852760314941406,
    18.004301071166992,
    31.147586822509766,
    8.737607955932617,
    19.39028549194336,
    21.724403381347656,
    20.38969612121582,
    16.1521053314209,
    14.571151733398438,
    7.087366104125977,
    21.3249454498291,
    9.28488540649414,
    26.148651123046875,
    27.951221466064453,
    13.816669464111328,
    29.33274269104004,
    7.832067966461182,
    24.334007263183594,
    16.24705696105957,
    31.199695587158203,
    34.51781463623047,
    6.0803070068359375,
    5.9019880294799805,
    20.2479248046875,
    10.37674617767334,
    7.728360176086426,
    13.351251602172852,
    12.072237014770508,
    16.491546630859375,
    13.44978141784668,
    31.268037796020508,
    18.495399475097656,
    9.195284843444824,
    12.3522310256958,
    2.7430953979492188,
    2.736236333847046,
    15.418574333190918,
    8.826761245727539,
    35.96724319458008,
    16.018423080444336,
    26.769664764404297,
    38.80448913574219,
