{
  "episode": 999,
  "total_steps": 4312,
  "timestamp": "2025-12-21T17:20:07.492155",
  "episode_rewards": [
    140.0159868437312,
    -20.771848589665428,
    483.2900708778184,
    -9.948043265343218,
    -65.86221980181266,
    -29.962331529397918,
    515.5043156785421,
    479.2916579647639,
    473.8402901093843,
    -95.77373125346985,
    430.0,
    970.0,
    -29.580285592130316,
    -51.527253177886436,
    408.0596485280624,
    523.6741835774551,
    437.2183638528146,
    -64.69097333139834,
    408.2806286000043,
    -32.09393427510449,
    -24.692695863967117,
    -84.3402820668889,
    469.31304916990894,
    520.4097487531046,
    430.0,
    -7.884065906429836,
    338.2255573369128,
    530.0,
    -1.103240673322432,
    478.3795802771479,
    533.2731298300223,
    430.0,
    -63.65032401564338,
    -97.56957724440754,
    511.36753236920714,
    530.0,
    530.5516522559735,
    -52.82142010446701,
    -93.23419202187023,
    511.38534185258754,
    -65.90636875504536,
    -46.83272509542428,
    472.27235814779783,
    -14.494294967564288,
    -70.694102531254,
    432.04909140158884,
    -53.57993154207584,
    -41.29669283118403,
    -27.07364193439131,
    -25.008381233806894,
    -70.28410138419686,
    51.68088853175834,
    -33.2208920974648,
    430.0,
    72.33269751775182,
    -61.13438148336848,
    519.7090589987183,
    -73.8263182651206,
    530.0,
    -69.6414413517746,
    530.0,
    472.0875953701071,
    -51.07454324143662,
    442.5511395631465,
    -53.9756886418996,
    -72.03592435275631,
    20.092894473490723,
    525.3240523614014,
    -131.70563162618515,
    -116.6589952502828,
    -102.51089776271043,
    530.0,
    -180.646046426387,
    -78.33320171117302,
    430.0,
    -18.48980169516122,
    441.3944630983502,
    -84.16191541240008,
    328.67271343574635,
    495.9528813259251,
    477.2968678267585,
    -45.41915077448226,
    -76.18448981456598,
    -69.5588633590762,
    530.0,
    508.2173779684626,
    528.497918403329,
    420.38423010887243,
    -74.81060371545377,
    519.3696957254612,
    2.904247327742148,
    12.823878715264428,
    513.5182529304776,
    -112.84621148684282,
    -59.65098607444254,
    -73.33276316799824,
    492.5278797276517,
    488.3721496386959,
    511.060381849056,
    -36.14848966825327
  ],
  "episode_lengths": [
    5,
    4,
    2,
    4,
    4,
    5,
    2,
    2,
    4,
    4,
    2,
    6,
    5,
    4,
    7,
    4,
    4,
    5,
    3,
    4,
    5,
    4,
    2,
    4,
    2,
    6,
    6,
    1,
    4,
    4,
    2,
    2,
    4,
    7,
    2,
    1,
    5,
    4,
    4,
    7,
    4,
    4,
    5,
    4,
    4,
    5,
    7,
    4,
    5,
    4,
    5,
    4,
    6,
    2,
    5,
    9,
    5,
    4,
    1,
    4,
    1,
    7,
    4,
    7,
    4,
    8,
    6,
    2,
    6,
    5,
    4,
    1,
    8,
    4,
    2,
    4,
    3,
    4,
    5,
    2,
    5,
    4,
    4,
    4,
    1,
    6,
    2,
    3,
    6,
    4,
    4,
    5,
    2,
    5,
    4,
    4,
    2,
    3,
    2,
    4
  ],
  "training_losses": [
    4.589592933654785,
    31.799659729003906,
    40.344966888427734,
    15.983556747436523,
    29.36264419555664,
    7.595785140991211,
    47.834693908691406,
    12.597854614257812,
    25.50943374633789,
    11.558871269226074,
    45.42162322998047,
    29.170822143554688,
    45.016292572021484,
    23.05662727355957,
    30.731290817260742,
    10.670408248901367,
    8.25930118560791,
    24.014925003051758,
    47.5980110168457,
    29.812179565429688,
    11.060149192810059,
    24.211368560791016,
    20.490602493286133,
    14.873512268066406,
    9.734407424926758,
    25.918785095214844,
    24.481950759887695,
    14.131094932556152,
    35.20841598510742,
    23.848981857299805,
    27.410017013549805,
    10.774431228637695,
    19.44995880126953,
    25.309404373168945,
    52.945159912109375,
    7.931632995605469,
    17.56216049194336,
    37.05535888671875,
    24.59893035888672,
    16.085176467895508,
    35.98501968383789,
    12.248929977416992,
    24.491901397705078,
    59.445655822753906,
    15.224565505981445,
    26.825197219848633,
    27.739736557006836,
    9.501789093017578,
    12.939008712768555,
    19.765899658203125,
    7.379688262939453,
    15.48945426940918,
    54.46006774902344,
    19.58808135986328,
    10.95209789276123,
    44.16440963745117,
    29.353050231933594,
    11.16851806640625,
    27.62131118774414,
    14.959007263183594,
    26.265743255615234,
    36.88871765136719,
    7.847189903259277,
    15.061912536621094,
    34.57257080078125,
    19.260509490966797,
    16.511333465576172,
    26.49181365966797,
    17.583337783813477,
    18.02980613708496,
    31.30451774597168,
    21.03639793395996,
    11.032369613647461,
    21.633197784423828,
    19.607580184936523,
    4.926631927490234,
    28.123584747314453,
    16.995750427246094,
    34.08935546875,
    12.727752685546875,
    15.267766952514648,
    13.393577575683594,
    13.121528625488281,
    21.289794921875,
    4.26372766494751,
    29.99974250793457,
    17.24813461303711,
    44.96841049194336,
    31.625581741333008,
    16.991487503051758,
    19.893098831176758,
    29.615036010742188,
    30.936309814453125,
    9.716327667236328,
    12.724163055419922,
    23.14425277709961,
    8.41291618347168,
    22.1209716796875,
    13.901384353637695,
    22.353496551513672,
    25.769100189208984,
    8.48005485534668,
    35.992218017578125,
    9.129425048828125,
    40.964073181152344,
    11.045156478881836,
    9.385111808776855,
    20.134017944335938,
    29.21614646911621,
    28.01026153564453,
    18.813762664794922,
    11.063678741455078,
    11.598600387573242,
    18.736331939697266,
    39.15225601196289,
    34.562599182128906,
    31.84945297241211,
    20.84927749633789,
    14.268177032470703,
    35.93879699707031,
    42.86003112792969,
    24.06622314453125,
    37.64259338378906,
    11.348251342773438,
    20.750436782836914,
    17.25055503845215,
    9.139363288879395,
    15.705785751342773,
    25.28544807434082,
    14.21652603149414,
    11.228403091430664,
    17.654117584228516,
    26.78426742553711,
    29.554588317871094,
    25.970565795898438,
    32.555389404296875,
    19.794601440429688,
    26.309280395507812,
    20.686023712158203,
    25.360248565673828,
    22.75116729736328,
    26.83605194091797,
    41.542442321777344,
    25.86521339416504,
    16.286876678466797,
    12.873111724853516,
    9.898338317871094,
    21.322946548461914,
    26.855432510375977,
    18.91026496887207,
    13.630380630493164,
    13.82427978515625,
    15.018991470336914,
    40.49212646484375,
    23.08061981201172,
    38.527313232421875,
    7.3382954597473145,
    17.0926513671875,
    20.917144775390625,
    31.151878356933594,
    33.81633758544922,
    54.25727081298828,
    25.526107788085938,
    50.88542938232422,
    16.05365562438965,
    10.073091506958008,
    17.829721450805664,
    28.071319580078125,
    13.154714584350586,
    29.772693634033203,
    10.947728157043457,
    23.419662475585938,
    13.836706161499023,
    10.28926944732666,
    29.913381576538086,
    30.162124633789062,
    59.5515022277832,
    18.804147720336914,
    13.743282318115234,
    22.210819244384766,
    35.4354248046875,
    5.643706321716309,
    11.321603775024414,
    39.88501739501953,
    10.890459060668945,
    8.564069747924805,
    16.361858367919922,
    38.06737518310547,
    31.967384338378906,
    38.391075134277344,
    36.85429382324219,
    38.213199615478516,
    7.031726360321045,
    14.454158782958984,
    29.560422897338867,
    19.441194534301758,
    38.62018585205078,
    9.883291244506836,
    31.5589656829834,
    11.796070098876953,
    28.587007522583008,
    55.66899108886719,
    56.98491668701172,
    31.660755157470703,
    12.586973190307617,
    44.72756576538086,
    21.224409103393555,
    22.928030014038086,
    13.159271240234375,
