{
  "episode": 1599,
  "total_steps": 7198,
  "timestamp": "2025-12-21T17:03:29.834859",
  "episode_rewards": [
    531.528926715402,
    522.1583258701106,
    -136.2536636103365,
    -320.0,
    387.3282739947048,
    514.5184344033107,
    -43.943840793217916,
    -122.78385165959506,
    424.70258307229545,
    -51.114045813610105,
    -30.681424711862125,
    -45.745723271625074,
    490.2928363095042,
    -71.7567076716903,
    -46.7762029322718,
    -148.279331631431,
    78.36535813965158,
    -164.08215660981213,
    -27.622268176265315,
    -138.63074116768254,
    516.6800619350919,
    -44.816040982539405,
    410.2674381367285,
    430.0,
    -14.780976786057593,
    -49.890939903150056,
    -84.46497064029197,
    -51.69949825937104,
    -60.73388667377516,
    542.9126500998518,
    1508.161925712635,
    -56.86468334639562,
    530.8834263267544,
    14.292709173565896,
    -82.87721026682172,
    -27.924951899351363,
    126.3708458679391,
    518.3151611080062,
    -68.28223780730788,
    430.0,
    -73.22617832137755,
    520.7226633144821,
    -50.051084361962154,
    412.6112840523923,
    430.0,
    -85.49048900218634,
    420.0,
    523.1372212483161,
    473.6443803111327,
    -59.94351377686198,
    -97.4855089878269,
    -71.20991218621849,
    489.7738409016144,
    555.5639356071435,
    -61.0386450240297,
    -33.03486524394036,
    511.25350863610004,
    28.204194502976904,
    519.1516242677342,
    -71.88801976952311,
    -69.29591821876065,
    -61.76471850292268,
    524.2794049372662,
    491.5244037985661,
    275.22090784833955,
    28.447371877850486,
    488.18869813172256,
    -141.48687632315023,
    -48.27113727441131,
    506.09371201077647,
    -30.269487298945386,
    -8.823531306318873,
    498.7437814060942,
    38.158221207637666,
    417.71306697591615,
    -126.25587361265532,
    4.8726196839695035,
    54.52361457047405,
    527.7891458915416,
    145.83803898447985,
    504.5924037200732,
    430.0,
    -9.256351111324069,
    -73.64106392223914,
    508.860510930731,
    -55.59362798829448,
    -47.15340353090811,
    -128.82864898675774,
    492.2154634296903,
    407.45755819846374,
    -38.07501572452607,
    -67.11251441821643,
    -84.02000222046004,
    -29.048073977543197,
    -39.88529885029051,
    -74.4665188844512,
    -33.604319421143586,
    -13.10708358000678,
    -83.61642315533416,
    430.0
  ],
  "episode_lengths": [
    2,
    2,
    6,
    4,
    4,
    4,
    5,
    5,
    4,
    7,
    4,
    4,
    3,
    8,
    5,
    5,
    5,
    4,
    4,
    4,
    2,
    4,
    4,
    2,
    5,
    5,
    8,
    5,
    5,
    3,
    7,
    5,
    2,
    4,
    4,
    4,
    5,
    2,
    5,
    2,
    4,
    2,
    4,
    4,
    2,
    4,
    3,
    5,
    3,
    4,
    9,
    4,
    2,
    3,
    8,
    6,
    2,
    4,
    2,
    5,
    5,
    4,
    2,
    2,
    6,
    8,
    4,
    4,
    5,
    2,
    5,
    5,
    2,
    4,
    4,
    4,
    4,
    4,
    2,
    6,
    3,
    2,
    5,
    4,
    6,
    4,
    6,
    4,
    2,
    4,
    5,
    4,
    4,
    5,
    5,
    8,
    4,
    4,
    7,
    2
  ],
  "training_losses": [
    19.015703201293945,
    17.103778839111328,
    4.367392539978027,
    25.39866065979004,
    33.72832107543945,
    25.571252822875977,
    11.706245422363281,
    3.7728676795959473,
    22.595651626586914,
    18.40349769592285,
    13.098003387451172,
    7.471248626708984,
    19.202220916748047,
    10.847246170043945,
    11.681041717529297,
    23.473731994628906,
    24.102561950683594,
    27.286596298217773,
    10.578206062316895,
    12.28541088104248,
    8.381385803222656,
    30.42638397216797,
    27.730926513671875,
    4.429446697235107,
    5.84630823135376,
    19.33762550354004,
    5.739751815795898,
    23.641254425048828,
    18.272634506225586,
    28.671550750732422,
    21.97847557067871,
    19.48089027404785,
    7.448497295379639,
    15.449755668640137,
    8.555206298828125,
    20.494237899780273,
    8.789613723754883,
    33.88353729248047,
    30.3798885345459,
    32.41095733642578,
    1.8395936489105225,
    17.359474182128906,
    12.854414939880371,
    6.134580612182617,
    27.101743698120117,
    14.865503311157227,
    15.680791854858398,
    10.520747184753418,
    10.318184852600098,
    6.450682640075684,
    23.95126724243164,
    25.744125366210938,
    36.24237823486328,
    12.221823692321777,
    5.242548942565918,
    28.394041061401367,
    23.706912994384766,
    27.720447540283203,
    12.958344459533691,
    26.46192169189453,
    21.21851348876953,
    25.685306549072266,
    26.085620880126953,
    10.259504318237305,
    9.498228073120117,
    23.249908447265625,
    9.801215171813965,
    16.399015426635742,
    45.67662811279297,
    28.187362670898438,
    10.773123741149902,
    32.84937286376953,
    5.824275493621826,
    16.072980880737305,
    7.347845554351807,
    9.61446762084961,
    34.40240478515625,
    10.558304786682129,
    10.10452651977539,
    31.215084075927734,
    18.46143341064453,
    30.808130264282227,
    4.358217239379883,
    8.860610008239746,
    23.30289077758789,
    24.783113479614258,
    22.837791442871094,
    19.783655166625977,
    30.13738441467285,
    14.297647476196289,
    18.127059936523438,
    14.02825927734375,
    11.062490463256836,
    29.019725799560547,
    24.661087036132812,
    20.311521530151367,
    19.103363037109375,
    13.007852554321289,
    6.117173194885254,
    4.465492248535156,
    23.748260498046875,
    30.62212371826172,
    34.001441955566406,
    24.927734375,
    15.95821762084961,
    4.360620498657227,
    10.027387619018555,
    45.532779693603516,
    11.042219161987305,
    20.234493255615234,
    32.75817108154297,
    3.28144907951355,
    20.840587615966797,
    25.644916534423828,
    13.920177459716797,
    22.164520263671875,
    9.987218856811523,
    8.501291275024414,
    11.671743392944336,
    20.750450134277344,
    37.390838623046875,
    23.136474609375,
    8.865789413452148,
    6.299863815307617,
    48.36231231689453,
    24.56866455078125,
    11.511869430541992,
    38.572288513183594,
    23.59964370727539,
    7.699939727783203,
    18.94600486755371,
    4.35867166519165,
    8.191118240356445,
    21.61426544189453,
    23.023651123046875,
    7.759900093078613,
    12.266556739807129,
    13.984710693359375,
    18.377819061279297,
    15.472986221313477,
    20.930252075195312,
    11.527032852172852,
    46.869441986083984,
    18.495689392089844,
    38.110313415527344,
    1.0104416608810425,
    1.0064876079559326,
    25.812915802001953,
    11.620986938476562,
    13.617949485778809,
    6.825770378112793,
    17.27330780029297,
    25.92083740234375,
    17.055065155029297,
    29.600934982299805,
    32.665061950683594,
    30.12870216369629,
    16.33075523376465,
    21.94289779663086,
    31.9809627532959,
    12.482291221618652,
    11.040352821350098,
    26.465694427490234,
    22.88141632080078,
    8.626321792602539,
    35.078346252441406,
    13.58946418762207,
    24.70719337463379,
    19.023691177368164,
    4.957764625549316,
    1.618302583694458,
    22.6468448638916,
    6.089600086212158,
    14.373458862304688,
    6.909030437469482,
    14.173670768737793,
    35.383827209472656,
    4.7458648681640625,
    6.7854719161987305,
    16.704071044921875,
    18.51061248779297,
    11.573324203491211,
    33.874271392822266,
    17.328128814697266,
    7.126741409301758,
    25.457927703857422,
    3.9174299240112305,
    15.378713607788086,
    1.519013524055481,
    8.91855239868164,
    11.374948501586914,
    2.34035325050354,
    16.35928726196289,
    31.320701599121094,
    28.298751831054688,
    13.438533782958984,
    29.733074188232422,
    26.76077651977539,
    14.567516326904297,
    18.391780853271484,
    23.953407287597656,
    5.533565044403076,
    17.365636825561523,
    30.223796844482422,
    30.419692993164062,
    6.396594047546387,
