{
  "episode": 399,
  "total_steps": 3196,
  "timestamp": "2025-12-01T01:41:28.070152",
  "episode_rewards": [
    14852.704592769313,
    260.0,
    25910.988919828826,
    214.49609711745617,
    18743.515657769294,
    260.0,
    3408.042827296527,
    229.0044751850247,
    1781.830830232034,
    10143.707475696789,
    210.0,
    188.10643215648568,
    12057.474212557994,
    443.2960360792276,
    14072.443321765139,
    15244.70224317277,
    8290.781068338747,
    4264.682312667002,
    8454.141082990596,
    14186.4432169147,
    20122.262051519836,
    6912.885996021682,
    191.24329691584538,
    3454.1327648545825,
    260.0,
    4498.853522817157,
    7257.04688541097,
    2264.698291717793,
    3549.1728601466484,
    371.9469979241844,
    235.74781544131977,
    29452.380542400853,
    12275.015569825951,
    6603.95336163368,
    258.6656365698786,
    7732.796634352553,
    3325.4814862827807,
    9688.253740867804,
    25473.004152041143,
    19099.167087378562,
    4304.016102857165,
    12098.52819102069,
    15735.466381966318,
    4185.881875425312,
    260.0,
    14982.63108316736,
    13869.63836840545,
    26606.22168485909,
    27508.08305905783,
    18616.72126654917,
    13646.815599797485,
    15778.999176358131,
    7961.102584224655,
    259.1840216791406,
    20282.32145917666,
    19713.629331154276,
    3786.737751018077,
    260.0,
    260.0,
    5826.123765094398,
    220.0,
    17024.06711271741,
    26186.29022375465,
    16212.244740759485,
    184.37569536283306,
    14382.619952659501,
    258.9598299315545,
    15777.795215633985,
    18034.87536322418,
    3590.1880386920957,
    12473.308535751174,
    1610.3828377239042,
    260.0,
    18193.842193693457,
    24032.76781699111,
    16496.739973955853,
    13927.790038182697,
    8487.738703986062,
    2155.344908453023,
    19274.28072562627,
    236.4517269195088,
    22534.975503486847,
    15764.78057289346,
    12603.922378547473,
    234.27116019631416,
    17214.18820889237,
    6557.678947858792,
    27138.73775109753,
    23241.599856129902,
    4342.570675146584,
    256.7502719195088,
    2639.212731897139,
    14540.235564891414,
    260.0,
    13527.745836599788,
    19706.522784263292,
    1437.0553451859528,
    217.54661952255037,
    12133.577720065137,
    256.9037169516992
  ],
  "episode_lengths": [
    15,
    1,
    15,
    4,
    15,
    1,
    5,
    3,
    2,
    10,
    1,
    4,
    15,
    4,
    15,
    15,
    4,
    7,
    9,
    12,
    15,
    10,
    2,
    5,
    1,
    5,
    4,
    7,
    2,
    5,
    2,
    15,
    12,
    3,
    2,
    15,
    3,
    15,
    15,
    15,
    7,
    7,
    15,
    5,
    1,
    15,
    7,
    15,
    15,
    15,
    15,
    15,
    8,
    2,
    15,
    15,
    6,
    1,
    1,
    15,
    1,
    15,
    15,
    10,
    5,
    12,
    2,
    15,
    15,
    6,
    8,
    5,
    1,
    15,
    15,
    15,
    12,
    14,
    11,
    15,
    2,
    15,
    13,
    15,
    3,
    15,
    9,
    15,
    15,
    6,
    2,
    15,
    15,
    1,
    11,
    15,
    15,
    4,
    13,
    2
  ],
  "training_losses": [],
  "epsilon_history": [
    0.3168625023323403,
    0.31670407108117415,
    0.31433708604437655,
    0.31370888322076806,
    0.3113642836393382,
    0.31120860149751856,
    0.3104313576263651,
    0.3099659433746399,
    0.3096560549227511,
    0.3081112536379764,
    0.30795719801115745,
    0.30734174539697284,
    0.305044732573442,
    0.30443510052289074,
    0.30215981140155523,
    0.29990152735150355,
    0.2993021739991596,
    0.2982561864177837,
    0.2969167147552392,
    0.2951401054364703,
    0.29293428531252264,
    0.29147290500649814,
    0.29118150496971795,
    0.29045427879717023,
    0.29030905165777166,
    0.2895840044384609,
    0.28900527066081677,
    0.28799526822740895,
    0.2877073449579986,
    0.2869887955044218,
    0.2867018784561163,
    0.28455912401026817,
    0.2828564566751735,
    0.28243238409714627,
    0.28215002232114517,
    0.2800412875685847,
    0.27962143563319236,
    0.27753159904898883,
    0.2754573814996379,
    0.2733986662514908,
    0.2724432050670872,
    0.2714910829848359,
    0.2694620110854589,
    0.2687890293760298,
    0.2686546348613418,
    0.2666467620272091,
    0.26571489708961815,
    0.2637289952876039,
    0.2617579357319615,
    0.259801607494609,
    0.2578599004765199,
    0.2559327054015264,
    0.25491076431844856,
    0.2546559172818212,
    0.25275266815818254,
    0.2508636435507668,
    0.2501119927318539,
    0.24998693673548802,
    0.2498619432671203,
    0.24799452337902275,
    0.24787052611733326,
    0.24601798969625108,
    0.2441792987744511,
    0.24296114563820365,
    0.24235434987334678,
    0.240904215963627,
    0.24066337197371737,
    0.23886470043020877,
    0.2370794718102946,
    0.23636912185040662,
    0.23542529829330788,
    0.23483732331661236,
    0.23471990465495407,
    0.23296565343784725,
    0.23122451315539783,
    0.22949638581901335,
    0.2281231878904092,
    0.22653150501235364,
    0.2252886918754364,
    0.22360492772043702,
    0.22338137869394853,
    0.2217118694291552,
    0.22027505774301923,
    0.21862876452084015,
    0.21830098531830372,
    0.21666944593201604,
    0.21569638117701168,
    0.21408430809883985,
    0.21248428334338532,
    0.2118476267784062,
    0.21163583211353454,
    0.21005410679452355,
    0.20848420298494139,
    0.20837996088344893,
    0.20723673202951037,
    0.2056878847345763,
    0.20415061322507144,
    0.20374261812247862,
    0.202422256811034,
    0.2022198851597872
  ],
  "best_mean_reward": 7865.173391922499
}