{
  "episode": 1499,
  "total_steps": 6776,
  "timestamp": "2025-12-21T17:02:41.394734",
  "episode_rewards": [
    488.81446539771275,
    14.523614570474052,
    -29.39220311975741,
    -3.069373422801956,
    53.90504666067599,
    536.1531349839292,
    -78.8818396876527,
    -27.869565442417937,
    -16.59711311571023,
    250.097717007144,
    430.0,
    -60.04703278074447,
    502.003193646043,
    453.40027064791366,
    -37.72278698205241,
    -42.172083585774715,
    430.0,
    514.5924037200732,
    -58.555467018787255,
    134.12186203944225,
    503.96839697563905,
    -39.84441975827003,
    -29.027938693324863,
    509.23828043842263,
    21.311017606416456,
    -37.91529229427025,
    -54.276752438621315,
    -117.66318015083338,
    -41.717396448663564,
    412.78524931769374,
    -66.00619211601492,
    430.0,
    412.0162015391188,
    -57.086992584223,
    522.6391231828793,
    -64.27750983891666,
    -66.66922776189276,
    411.88190090347825,
    -138.3006768377693,
    -91.87119609638448,
    -40.1641453755795,
    131.9089353575572,
    -37.483613092180946,
    519.8368741886095,
    253.37421632655526,
    587.6249744516393,
    -2.4392343200768494,
    420.0,
    53.868635308664096,
    539.1244414370188,
    -62.75701345762036,
    6.914200892757364,
    -71.32313560582988,
    -42.78668685256709,
    430.0,
    -30.857497945173325,
    3.911661670527227,
    566.4696573743568,
    -31.842928361157902,
    501.76875305148,
    122.9888872384222,
    -29.857847020551382,
    -73.57370048285355,
    -48.24736245394807,
    -230.0,
    -49.62558258366144,
    -185.45956375799955,
    -113.45944796847778,
    28.486002259745845,
    430.0,
    196.76248863073357,
    -67.3014459475994,
    -50.16694318572716,
    -25.67424135361542,
    392.47551766370043,
    192.80600977168297,
    -37.59062103267031,
    430.0,
    -55.845116610886436,
    -40.62643977489202,
    -45.94824893926714,
    525.1711685441375,
    374.57520533937287,
    565.1170551017201,
    -92.81909170437967,
    -80.87254395492663,
    -160.45683584555482,
    -70.00940528714212,
    22.134149375476895,
    99.27306170023974,
    -33.10866147215589,
    497.58604511374244,
    430.0,
    -104.36505143598258,
    -138.3006768377693,
    -39.52458431674996,
    -66.98407911912196,
    -31.383814926794685,
    -43.01895985351367,
    -66.67414133491991
  ],
  "episode_lengths": [
    7,
    8,
    4,
    4,
    7,
    2,
    4,
    4,
    4,
    4,
    2,
    7,
    6,
    2,
    4,
    5,
    2,
    2,
    4,
    6,
    2,
    4,
    4,
    2,
    4,
    4,
    5,
    4,
    4,
    3,
    6,
    2,
    3,
    5,
    2,
    5,
    4,
    3,
    4,
    7,
    4,
    5,
    6,
    2,
    4,
    6,
    5,
    3,
    5,
    2,
    7,
    5,
    6,
    4,
    2,
    5,
    4,
    3,
    4,
    3,
    11,
    7,
    4,
    4,
    4,
    4,
    9,
    4,
    4,
    2,
    5,
    9,
    9,
    4,
    4,
    5,
    4,
    2,
    6,
    4,
    5,
    2,
    5,
    5,
    6,
    5,
    4,
    5,
    4,
    4,
    4,
    3,
    2,
    4,
    4,
    5,
    6,
    7,
    4,
    5
  ],
  "training_losses": [
    6.387167930603027,
    22.245777130126953,
    20.922361373901367,
    21.73305320739746,
    8.424844741821289,
    7.716996669769287,
    36.0439453125,
    8.760148048400879,
    19.604496002197266,
    8.844512939453125,
    26.505569458007812,
    7.796400547027588,
    16.065738677978516,
    8.383090019226074,
    9.144643783569336,
    11.254253387451172,
    33.89270782470703,
    15.720335006713867,
    8.935991287231445,
    17.190034866333008,
    22.607271194458008,
    2.980193614959717,
    16.09082794189453,
    26.9814395904541,
    7.885848045349121,
    17.975547790527344,
    20.685142517089844,
    8.588399887084961,
    14.743778228759766,
    3.083329439163208,
    15.69250202178955,
    7.156511306762695,
    42.686431884765625,
    31.61779022216797,
    8.544672966003418,
    39.68250274658203,
    21.202098846435547,
    8.881331443786621,
    17.83608627319336,
    30.36162567138672,
    20.21889877319336,
    14.501811981201172,
    4.214512825012207,
    4.44411563873291,
    13.044414520263672,
    11.970069885253906,
    8.054365158081055,
    15.74423599243164,
    21.782997131347656,
    12.316536903381348,
    15.302470207214355,
    23.452966690063477,
    26.50631332397461,
    25.68841552734375,
    4.201512336730957,
    14.087947845458984,
    15.220909118652344,
    8.998234748840332,
    19.824892044067383,
    11.760719299316406,
    13.2135591506958,
    14.683218955993652,
    28.593463897705078,
    10.5419921875,
    24.55447769165039,
    10.464970588684082,
    13.918197631835938,
    15.756387710571289,
    25.778833389282227,
    34.01216506958008,
    27.503665924072266,
    19.669475555419922,
    5.7922444343566895,
    18.718347549438477,
    30.8790340423584,
    35.82752227783203,
    31.520675659179688,
    24.360319137573242,
    24.822105407714844,
    7.753904342651367,
    10.192773818969727,
    11.456169128417969,
    10.585933685302734,
    28.580589294433594,
    10.997977256774902,
    26.72084617614746,
    26.91776466369629,
    35.02370071411133,
    8.187442779541016,
    6.22506046295166,
    13.688362121582031,
    20.381855010986328,
    27.714874267578125,
    6.7487945556640625,
    19.22638702392578,
    16.503503799438477,
    10.108357429504395,
    9.300248146057129,
    8.606152534484863,
    7.174149513244629,
    30.91031265258789,
    21.6142520904541,
    17.85626220703125,
    35.34046173095703,
    5.6437578201293945,
    10.93737506866455,
    13.163798332214355,
    9.707071304321289,
    4.037959098815918,
    19.96605110168457,
    7.867985248565674,
    18.048442840576172,
    21.49579429626465,
    23.833011627197266,
    26.650421142578125,
    24.118816375732422,
    39.55327224731445,
    28.372661590576172,
    5.188247203826904,
    13.991884231567383,
    29.236663818359375,
    3.1709508895874023,
    10.468005180358887,
    31.230144500732422,
    14.117618560791016,
    19.925500869750977,
    3.9151673316955566,
    33.48955535888672,
    10.095623016357422,
    14.415504455566406,
    16.73163604736328,
    23.2507381439209,
    21.08209800720215,
    9.666065216064453,
    31.12142562866211,
    13.56454849243164,
    13.930249214172363,
    11.657649040222168,
    31.62164306640625,
    10.894071578979492,
    20.65579605102539,
    15.635599136352539,
    19.396900177001953,
    20.287744522094727,
    15.232549667358398,
    14.863832473754883,
    35.73153305053711,
    19.531787872314453,
    13.522562980651855,
    22.37278175354004,
    19.220964431762695,
    14.960060119628906,
    4.203891754150391,
    20.58397102355957,
    25.882314682006836,
    6.432094097137451,
    20.417818069458008,
    15.618099212646484,
    9.225597381591797,
    26.52150535583496,
    25.42188262939453,
    24.54452133178711,
    42.187904357910156,
    3.0198583602905273,
    17.119468688964844,
    11.284148216247559,
    12.876022338867188,
    19.280315399169922,
    12.760697364807129,
    22.13313102722168,
    19.68794059753418,
    30.739044189453125,
    4.67930793762207,
    7.969822883605957,
    8.939355850219727,
    8.233864784240723,
    21.951133728027344,
    26.9858455657959,
    5.015090465545654,
    20.311328887939453,
    25.847549438476562,
    2.7705376148223877,
    21.13147735595703,
    35.0565071105957,
    6.825423240661621,
    16.63100814819336,
    16.939786911010742,
    19.39092254638672,
    10.276439666748047,
    28.860498428344727,
    12.521282196044922,
    42.663124084472656,
    11.533527374267578,
    8.277585983276367,
    36.8463249206543,
    17.837631225585938,
    16.099571228027344,
    15.148077011108398,
    8.670541763305664,
    23.922216415405273,
    7.145987033843994,
    15.396486282348633,
    16.750825881958008,
    10.471393585205078,
    25.930681228637695,
    16.944293975830078,
    14.47795295715332,
