{
  "episode": 1799,
  "total_steps": 8095,
  "timestamp": "2025-12-21T17:05:27.151274",
  "episode_rewards": [
    -167.53796087809863,
    476.7483084904921,
    92.03104970892159,
    -36.46988486220084,
    -65.45469062507091,
    0.40252830753183844,
    -127.43702999222606,
    551.478274369326,
    -46.72033257224054,
    980.0,
    -45.354651981571735,
    -67.42006139002493,
    535.7853564689603,
    -115.89518176085498,
    -55.16218882362514,
    -36.3956807584337,
    512.6015590067198,
    -73.47456058005503,
    -128.66325307764203,
    -47.151413222621684,
    402.798718411501,
    -125.36494775989506,
    30.548519710314906,
    462.8963280174765,
    -132.7222430222053,
    516.8427696334295,
    498.37425087469194,
    478.48710043471203,
    -69.14054451150787,
    -177.85271832411752,
    -6.262764853692488,
    -81.84433044336653,
    -148.7755400221534,
    487.8791779133464,
    -21.437336002939297,
    465.30004751088416,
    523.8777502408377,
    -44.637240554200986,
    -55.09647918968486,
    524.3223634476246,
    -15.549563883255674,
    430.0,
    -60.79644522032025,
    4.3951371448284675,
    -49.00025864838437,
    560.9596939368951,
    508.2251465298326,
    -128.97879680862985,
    90.13099111982953,
    -49.00524390835005,
    -80.73910522677937,
    -44.179503798845516,
    430.0,
    -70.87233513429425,
    -42.21808944731857,
    -2.2135823360162448,
    -51.63893119603817,
    -30.4971919461819,
    -105.75185363631167,
    -25.946756644693856,
    -98.34754900026309,
    -46.746215067812315,
    446.6206321643315,
    -48.4441863690855,
    11.890983813899936,
    414.70611912465756,
    523.2969390456632,
    -71.01720776524779,
    430.0,
    -56.120039231134605,
    512.2335418802481,
    478.57711132840683,
    -230.0,
    -11.4210844549381,
    -320.0,
    990.6758655186095,
    106.19823394556298,
    516.3415781012252,
    -49.698220368251825,
    -27.706902777165,
    -36.84931074193258,
    507.77214719419396,
    507.5501766185533,
    -39.00891225805697,
    511.53128949944545,
    -51.1810972002371,
    -16.139195207285837,
    510.71796154795,
    9.958152314102051,
    -33.573659465028214,
    45.68713970564929,
    380.0,
    108.03338469059818,
    -65.74473698970709,
    469.6502473506413,
    354.1743200736257,
    -72.17502266170392,
    422.9538394800237,
    -43.97809259255126,
    -118.80453709879359
  ],
  "episode_lengths": [
    4,
    4,
    4,
    4,
    6,
    4,
    4,
    5,
    5,
    5,
    5,
    5,
    2,
    4,
    6,
    4,
    2,
    4,
    6,
    6,
    4,
    4,
    4,
    6,
    4,
    2,
    3,
    5,
    4,
    7,
    4,
    4,
    4,
    6,
    5,
    4,
    3,
    5,
    5,
    2,
    5,
    2,
    5,
    4,
    4,
    3,
    3,
    4,
    5,
    5,
    6,
    4,
    2,
    4,
    5,
    4,
    5,
    7,
    6,
    8,
    4,
    5,
    3,
    6,
    4,
    4,
    2,
    4,
    2,
    4,
    3,
    3,
    4,
    5,
    4,
    4,
    9,
    2,
    7,
    4,
    4,
    2,
    3,
    7,
    2,
    5,
    4,
    3,
    6,
    4,
    5,
    4,
    5,
    7,
    2,
    6,
    7,
    4,
    5,
    4
  ],
  "training_losses": [
    19.082111358642578,
    19.476001739501953,
    2.3103840351104736,
    29.713411331176758,
    26.62267303466797,
    12.536956787109375,
    41.338294982910156,
    10.376188278198242,
    23.337759017944336,
    38.29393768310547,
    14.471269607543945,
    9.170713424682617,
    3.3018503189086914,
    19.70952033996582,
    27.130596160888672,
    18.072824478149414,
    7.560763835906982,
    3.4972150325775146,
    26.872520446777344,
    17.267885208129883,
    19.735881805419922,
    19.12516212463379,
    26.93109703063965,
    13.010112762451172,
    12.538248062133789,
    14.091930389404297,
    5.3737263679504395,
    5.299822807312012,
    22.362205505371094,
    10.388293266296387,
    23.030315399169922,
    6.455986022949219,
    8.366991996765137,
    3.5549912452697754,
    15.380369186401367,
    14.791238784790039,
    13.311239242553711,
    16.823026657104492,
    37.322898864746094,
    13.645087242126465,
    8.720340728759766,
    12.441594123840332,
    9.835463523864746,
    12.833230972290039,
    28.081933975219727,
    13.811553001403809,
    6.482259273529053,
    25.934955596923828,
    24.163999557495117,
    39.97242736816406,
    40.06083679199219,
    21.885690689086914,
    0.9606494903564453,
    7.677916526794434,
    36.48201370239258,
    40.20856475830078,
    14.048148155212402,
    23.62413787841797,
    9.239959716796875,
    6.138819694519043,
    27.719165802001953,
    19.44974136352539,
    9.965036392211914,
    9.024679183959961,
    25.88960075378418,
    37.44698715209961,
    14.164335250854492,
    11.307791709899902,
    14.646312713623047,
    17.685056686401367,
    27.66552734375,
    21.741853713989258,
    12.128531455993652,
    20.09207534790039,
    13.599361419677734,
    2.2172651290893555,
    14.712453842163086,
    14.681686401367188,
    21.421253204345703,
    3.1437430381774902,
    37.25212860107422,
    17.872661590576172,
    17.601726531982422,
    27.677431106567383,
    25.481136322021484,
    2.8250350952148438,
    9.995525360107422,
    7.253246784210205,
    12.536409378051758,
    6.661288261413574,
    31.005237579345703,
    14.75716781616211,
    7.2431745529174805,
    7.616660118103027,
    4.899170398712158,
    20.332799911499023,
    15.685415267944336,
    10.981725692749023,
    19.154582977294922,
    20.64122200012207,
    18.066219329833984,
    4.01478385925293,
    30.320415496826172,
    18.19137954711914,
    25.50152015686035,
    21.452983856201172,
    16.920316696166992,
    16.43634033203125,
    21.4724178314209,
    13.505611419677734,
    29.817264556884766,
    17.92934799194336,
    26.49093246459961,
    3.8067080974578857,
    26.600109100341797,
    35.02663803100586,
    22.22847557067871,
    1.8416483402252197,
    5.65412712097168,
    16.229188919067383,
    14.820258140563965,
    16.935148239135742,
    18.920814514160156,
    35.76770782470703,
    21.165014266967773,
    7.7260847091674805,
    50.71225357055664,
    23.207794189453125,
    22.665821075439453,
    7.88084077835083,
    10.094085693359375,
    7.701971054077148,
    18.113338470458984,
    7.11014986038208,
    15.662315368652344,
    18.400943756103516,
    13.18993854522705,
    9.502195358276367,
    18.8983097076416,
    5.262016773223877,
    2.2068281173706055,
    16.301982879638672,
    14.949012756347656,
    10.59259033203125,
    21.244274139404297,
    17.060958862304688,
    14.135486602783203,
    26.168970108032227,
    20.34697723388672,
    23.91122817993164,
    10.938980102539062,
    11.405576705932617,
    29.116058349609375,
    24.35830307006836,
    9.739222526550293,
    8.948115348815918,
    18.555681228637695,
    14.470590591430664,
    20.236492156982422,
    19.62332534790039,
    21.67062759399414,
    13.382932662963867,
    20.541078567504883,
    17.92514991760254,
    10.206435203552246,
    20.893417358398438,
    27.145503997802734,
    19.428688049316406,
    4.072268486022949,
    26.412092208862305,
    14.367359161376953,
    13.110114097595215,
    19.672319412231445,
    11.396352767944336,
    24.37569808959961,
    12.605114936828613,
    16.171493530273438,
    6.165309906005859,
    18.14777374267578,
    9.833483695983887,
    40.915252685546875,
    18.814865112304688,
    25.279748916625977,
    19.187990188598633,
    19.957242965698242,
    12.042268753051758,
    33.28224182128906,
    13.238349914550781,
    2.263946294784546,
    15.97301197052002,
    18.40981674194336,
    17.320432662963867,
    4.148739337921143,
    9.671171188354492,
    13.647826194763184,
    5.683720588684082,
    37.478370666503906,
    2.075676918029785,
    31.703460693359375,
    4.911498069763184,
    15.328987121582031,
    2.885547161102295,
    21.13652801513672,
    24.65520668029785,
    13.940058708190918,
