{
  "episode": 1699,
  "total_steps": 14349,
  "timestamp": "2025-12-01T01:42:54.337145",
  "episode_rewards": [
    12789.790192104065,
    9540.190798816111,
    252.65277723068112,
    15939.199980503148,
    16148.1544009886,
    17078.48386565561,
    18650.206801569188,
    18191.972152620277,
    12885.601423651258,
    16154.1544009886,
    17432.334843388795,
    7674.777403135133,
    17186.239378339098,
    12464.347770142793,
    16577.532633418934,
    8600.677821682886,
    24329.370471014106,
    13080.490130154654,
    15897.134118906435,
    21774.03549395595,
    232.65277723068112,
    11896.940607505303,
    14239.34127246954,
    15637.487488585226,
    191.92114203721485,
    17662.57243703337,
    18123.284112749487,
    12237.183824437643,
    14606.034513001037,
    8039.979620918273,
    11338.299386095585,
    25015.39464946995,
    10812.195312169904,
    12889.025908678715,
    21197.425853582536,
    15524.044405315235,
    14358.405353754444,
    5066.384616264576,
    22683.021400870355,
    14755.735906395368,
    15888.305907467198,
    4966.856897378886,
    4573.418479800839,
    16840.99342441025,
    15366.313529001434,
    7004.257520189677,
    9256.34686749558,
    24566.47028450817,
    7004.257520189677,
    26694.346700819602,
    14689.230804190067,
    7235.72072077734,
    12484.347770142793,
    15751.943145925325,
    18152.367615694224,
    17603.617629432883,
    18010.56156240037,
    18438.710789527802,
    11899.782149386403,
    16645.46734230179,
    12789.790192104065,
    16645.46734230179,
    4107.6697870228545,
    10554.400481872519,
    11300.211931173324,
    11976.216508429088,
    2745.841031903971,
    26400.85558973632,
    18984.145902526838,
    12744.106114223274,
    13807.324672223473,
    16868.17892316584,
    232.66953279455993,
    21724.079273767085,
    9215.094308457032,
    16085.81728774617,
    8100.216557483578,
    18244.98158942879,
    15895.540479934774,
    20755.995031404866,
    260.0,
    17261.69196039091,
    17190.351693040586,
    13337.38277339238,
    11876.940607505303,
    9597.99738725884,
    12062.579310835627,
    188.93580767378046,
    15989.458613606668,
    16193.191708642877,
    232.65277723068112,
    15639.602008272366,
    19301.560790358988,
    27193.026641334185,
    22877.65604816298,
    24786.90471887349,
    15501.855128819416,
    17186.209453798558,
    18230.209635466497,
    9584.07058971055
  ],
  "episode_lengths": [
    7,
    8,
    4,
    15,
    13,
    13,
    15,
    15,
    15,
    13,
    15,
    15,
    13,
    10,
    15,
    4,
    15,
    15,
    15,
    15,
    4,
    9,
    15,
    13,
    4,
    14,
    15,
    15,
    15,
    15,
    15,
    15,
    15,
    11,
    15,
    13,
    15,
    5,
    15,
    15,
    15,
    4,
    15,
    15,
    15,
    15,
    15,
    15,
    15,
    12,
    10,
    7,
    9,
    12,
    10,
    15,
    15,
    15,
    9,
    15,
    7,
    15,
    15,
    9,
    7,
    15,
    15,
    15,
    15,
    15,
    9,
    13,
    4,
    15,
    8,
    15,
    15,
    11,
    13,
    15,
    1,
    14,
    13,
    11,
    10,
    15,
    15,
    4,
    15,
    13,
    4,
    15,
    15,
    15,
    15,
    15,
    12,
    13,
    15,
    15
  ],
  "training_losses": [
    68.46443939208984,
    9.617857933044434,
    35.083335876464844,
    125.02208709716797,
    454.8109130859375,
    86.0948715209961,
    32.32959747314453,
    131.96408081054688,
    184.13438415527344,
    71.48776245117188,
    112.32444763183594,
    121.94341278076172,
    154.39120483398438,
    108.39602661132812,
    75.89352416992188,
    341.5768737792969,
    7.682618141174316,
    186.31092834472656,
    104.55946350097656,
    60.618099212646484,
    164.31295776367188,
    108.57765197753906,
    176.94216918945312,
    12.39283561706543,
    98.34674072265625,
    283.8125305175781,
    162.0088348388672,
    140.14028930664062,
    81.82868957519531,
    110.05686950683594,
    32.03108215332031,
    126.76101684570312,
    65.53729248046875,
    160.0547637939453,
    101.16783142089844,
    49.18397521972656,
    65.3509521484375,
    83.49382781982422,
    155.63247680664062,
    319.753173828125,
    119.78880310058594,
    186.99993896484375,
    16.107574462890625,
    219.8976287841797,
    56.4697265625,
    133.05596923828125,
    46.7991828918457,
    45.754974365234375,
    79.91080474853516,
    28.92171287536621,
    60.98891830444336,
    27.938419342041016,
    403.9434814453125,
    113.54986572265625,
    59.62429428100586,
    160.26771545410156,
    71.3934326171875,
    73.09686279296875,
    61.814414978027344,
    21.09758758544922,
    120.04725646972656,
    12.994462966918945,
    21.025524139404297,
    229.1539306640625,
    220.86856079101562,
    62.8273811340332,
    77.38352966308594,
    252.41445922851562,
    120.84396362304688,
    33.29443359375,
    182.6650390625,
    66.9654541015625,
    72.7544937133789,
    47.85333251953125,
    427.83447265625,
    395.20135498046875,
    23.216163635253906,
    137.90261840820312,
    179.90853881835938,
    67.25730895996094,
    107.72457885742188,
    212.203125,
    161.59136962890625,
    132.4726104736328,
    76.65742492675781,
    117.67460632324219,
    162.81024169921875,
    58.32073211669922,
    123.34326934814453,
    36.477203369140625,
    61.05384826660156,
    97.159423828125,
    263.585205078125,
    68.29339599609375,
    44.290199279785156,
    75.61228942871094,
    35.68817138671875,
    101.58924865722656,
    140.4409637451172,
    47.02766799926758,
    123.15669250488281,
    113.97317504882812,
    202.63189697265625,
    33.11296081542969,
    110.93145751953125,
    79.95521545410156,
    196.8576202392578,
    66.22502899169922,
    197.7044677734375,
    113.74516296386719,
    280.876953125,
    85.41255187988281,
    97.76861572265625,
    104.05061340332031,
    118.0520248413086,
    45.6521110534668,
    100.81915283203125,
    105.68836212158203,
    92.80743408203125,
    69.416259765625,
    89.54203796386719,
    455.74200439453125,
    339.14825439453125,
    100.33839416503906,
    91.24208068847656,
    66.9835205078125,
    194.93508911132812,
    235.2793731689453,
    134.21939086914062,
    22.94542121887207,
    288.40203857421875,
    133.20339965820312,
    162.17156982421875,
    69.6148452758789,
    89.93759155273438,
    120.30448913574219,
    92.39735412597656,
    67.67791748046875,
    115.10588073730469,
    124.16461181640625,
    218.72256469726562,
    81.33912658691406,
    89.24581146240234,
    122.79352569580078,
    130.46139526367188,
    47.231201171875,
    346.68731689453125,
    73.70843505859375,
    78.25216674804688,
    168.8765411376953,
    234.40736389160156,
    41.46113204956055,
    89.94692993164062,
    86.97520446777344,
    33.45169448852539,
    178.00604248046875,
    86.39775085449219,
    99.56741333007812,
    174.99545288085938,
    138.3134002685547,
    128.47312927246094,
    27.759967803955078,
    123.43721008300781,
    66.99127197265625,
    118.48275756835938,
    121.7502670288086,
    72.61061096191406,
    177.63978576660156,
    212.43048095703125,
    167.0551300048828,
    45.908607482910156,
    234.173095703125,
    188.18431091308594,
    63.017704010009766,
    29.866500854492188,
    238.53074645996094,
    123.11662292480469,
    99.72052001953125,
    56.11800003051758,
    141.15725708007812,
    139.2278594970703,
    192.85153198242188,
    73.48810577392578,
    142.57601928710938,
    97.49018859863281,
    107.22913360595703,
    150.12847900390625,
    128.07025146484375,
    39.07685089111328,
    202.1866455078125,
    126.45191955566406,
    97.89419555664062,
    39.62275695800781,
    112.96588134765625,
    175.4566650390625,
    56.13904571533203,
    156.1202392578125,
    52.12181854248047,
    132.3896484375,
    102.05553436279297,
    108.7144775390625,
    78.35574340820312,
