{
  "episode": 199,
  "total_steps": 1492,
  "timestamp": "2025-12-01T01:41:25.191543",
  "episode_rewards": [
    260.0,
    5500.6192065076375,
    255.3525186719595,
    3358.9956867873025,
    235.85666141022864,
    1433.7309257040529,
    4675.246145082161,
    16278.706349163804,
    8825.721247357775,
    260.0,
    217.18135545425346,
    10346.866778825291,
    4526.773146286413,
    17295.252013337606,
    257.93338595910615,
    13736.926828000784,
    25819.528528875766,
    19881.9291310688,
    17752.933466323462,
    260.0,
    3359.6218195881934,
    17395.1005647209,
    14460.747156797228,
    17359.769202776974,
    6221.178597084385,
    207.94334726621332,
    13305.627045295063,
    260.0,
    12861.566598207975,
    5636.2915697539265,
    12773.648111428236,
    260.0,
    23075.544335758826,
    6830.436623850843,
    260.0,
    254.66300931727673,
    28016.693160635758,
    200.0,
    234.167818884294,
    260.0,
    13667.711641372385,
    17707.637705477133,
    260.0,
    22681.681570500026,
    11748.33425942436,
    4886.830920106502,
    7037.594315850893,
    14989.012773933504,
    10938.969962075149,
    32722.511574050182,
    7455.0987383741585,
    6003.953171587515,
    234.62848279565821,
    12517.429611011652,
    16853.006571723112,
    8110.676279415633,
    17823.921533955086,
    260.0,
    19487.66644727305,
    260.0,
    6116.0575277936405,
    20382.324106850938,
    230.0,
    9814.076582329411,
    5458.516657504293,
    17623.239283991454,
    5139.038741407536,
    3264.9474656505313,
    973.6645323095817,
    10024.825071294943,
    234.7180097987083,
    3937.79898732281,
    21238.55827313237,
    13931.507882296577,
    12201.362820675875,
    14490.171784558488,
    8003.474904704619,
    7713.9400423885645,
    22533.487319254065,
    1565.861176134324,
    6407.644983883031,
    6447.006776545763,
    11510.93805517614,
    10708.818348050901,
    12702.977012272111,
    11396.209566557143,
    225.0,
    5184.3560625100845,
    17606.954171486024,
    6802.120570411224,
    5755.058634743173,
    21354.57151996883,
    20534.651164349776,
    5524.53744129952,
    18176.378379527418,
    235.0,
    9534.915984728734,
    1899.7096399996392,
    258.9598299315545,
    260.0
  ],
  "episode_lengths": [
    1,
    3,
    3,
    4,
    3,
    4,
    6,
    15,
    5,
    1,
    3,
    6,
    5,
    15,
    2,
    15,
    15,
    12,
    15,
    1,
    2,
    14,
    15,
    15,
    4,
    2,
    6,
    1,
    9,
    15,
    6,
    1,
    13,
    6,
    1,
    2,
    15,
    1,
    2,
    1,
    15,
    13,
    1,
    15,
    10,
    9,
    8,
    14,
    14,
    15,
    9,
    6,
    2,
    15,
    15,
    2,
    13,
    1,
    11,
    1,
    15,
    15,
    1,
    12,
    6,
    14,
    4,
    7,
    8,
    10,
    2,
    7,
    15,
    5,
    11,
    12,
    8,
    12,
    15,
    5,
    8,
    7,
    5,
    12,
    11,
    15,
    1,
    4,
    15,
    6,
    4,
    13,
    15,
    6,
    14,
    1,
    12,
    5,
    2,
    1
  ],
  "training_losses": [],
  "epsilon_history": [
    0.705331566883123,
    0.7042740984433072,
    0.703218215413182,
    0.7018128334581136,
    0.7007606404798251,
    0.6993601699894898,
    0.6972647103324141,
    0.6920534886060574,
    0.6903250841534134,
    0.6899799216113367,
    0.6889454691276136,
    0.6868812145440223,
    0.6851657278523119,
    0.6800449315833644,
    0.6793650566630139,
    0.6742876134897864,
    0.6692481181458215,
    0.6652436536472616,
    0.6602717511117743,
    0.6599416152362184,
    0.6592818386063861,
    0.6546818344418517,
    0.6497888689024542,
    0.6449324724421273,
    0.643643574573526,
    0.6430000919098461,
    0.6410735012775639,
    0.6407529645269252,
    0.6378753362403723,
    0.6331079792213455,
    0.6312110278564272,
    0.6308954223424991,
    0.6268068820316655,
    0.6249288103449485,
    0.6246163459397761,
    0.6239918857479229,
    0.6193282909554522,
    0.6190186268099744,
    0.6183997629378213,
    0.6180905630563523,
    0.6134710736094826,
    0.6094954524127557,
    0.6091907046865493,
    0.6046377310615919,
    0.6016213355191239,
    0.5989194477890192,
    0.5965279582441809,
    0.5923658064427831,
    0.5882326952041593,
    0.5838363576927716,
    0.5812143424846873,
    0.5794728775585267,
    0.5788935495491876,
    0.5745670110080068,
    0.5702728081799513,
    0.5697026779399734,
    0.5660106993941488,
    0.5657276940444518,
    0.562623958826527,
    0.5623426468471138,
    0.5581398065549247,
    0.5539683774790478,
    0.5536913932903083,
    0.5503783656291589,
    0.5487292930757127,
    0.5449006466827133,
    0.5438116624679018,
    0.5419111742825055,
    0.5397473191725873,
    0.5370546466449356,
    0.5365177262619524,
    0.5346427285920068,
    0.5306469121369491,
    0.5293216208107444,
    0.526417619162223,
    0.5232677848777547,
    0.521178372952152,
    0.5180598878412989,
    0.5141880083340377,
    0.5129038231406492,
    0.5108557945867651,
    0.5090704790647563,
    0.5077990749071132,
    0.5047606451936297,
    0.5019913917036516,
    0.4982396050319255,
    0.49799048522940953,
    0.49699525099571457,
    0.49328080451433415,
    0.49180281067106857,
    0.49081994250807187,
    0.4876391663457495,
    0.4839946454333518,
    0.4825444752674393,
    0.47917761990176533,
    0.4789380310918145,
    0.4760722922267864,
    0.4748833010820085,
    0.4744085365017518,
    0.47417133223350094
  ],
  "best_mean_reward": 7865.173391922499
}