{
  "episode": 799,
  "total_steps": 3474,
  "timestamp": "2025-12-21T17:17:19.610398",
  "episode_rewards": [
    -39.78947415341089,
    393.26677177732785,
    446.5422538088591,
    333.53963590593156,
    -28.63596396488152,
    530.0,
    355.4572103659375,
    420.0,
    -70.93590802305613,
    -9.954799899709542,
    530.0,
    430.0,
    -63.28285348955878,
    -21.89332014593248,
    379.7429330161294,
    -5.4709066185415764,
    -101.72716356083913,
    520.0216143745424,
    -115.57343549905222,
    -59.078546113703375,
    486.6990161041056,
    -53.029918059240764,
    -27.923787661572863,
    395.67940627889584,
    -106.90517628462565,
    482.0130083468563,
    56.037572447304996,
    -101.04596550569539,
    420.0,
    -72.9704885919429,
    544.2846662267758,
    475.6311394169458,
    -188.95899410625208,
    -41.88760510841533,
    430.0,
    560.8362134280466,
    447.4393638471106,
    -38.491859330918146,
    -65.49734442909217,
    -12.53451182914877,
    430.0,
    341.0616233919038,
    -129.85852679467473,
    -78.52526907564982,
    588.3004869314703,
    -30.1247573474362,
    -79.48040119924994,
    557.5959118769961,
    530.0,
    450.1344767485598,
    439.7506090016144,
    970.0,
    530.0,
    521.7847008941296,
    -45.671143424285674,
    -69.79468980954815,
    -51.238914713199115,
    529.5167917479233,
    -105.81935634014519,
    -29.247707974718523,
    489.9949475276826,
    -75.70413844510904,
    -49.95350756792037,
    328.4141090430336,
    516.2373743672294,
    392.62985601488106,
    528.6643519686238,
    -41.50973430336328,
    -7.566826953555587,
    -27.490306093971448,
    -4.783557281021697,
    -32.54316478629639,
    -14.473902289714504,
    -68.52250911346466,
    -81.28864971150185,
    -16.121874045756954,
    480.2486662342664,
    530.0,
    -49.06114451481544,
    458.99094090467554,
    511.0721600617406,
    530.0,
    -53.988379493036646,
    414.73576369147474,
    -132.34843201277744,
    -53.26730714712623,
    -14.706074307915262,
    -59.994314186021384,
    -48.68055470336792,
    -29.05758418916058,
    531.9580046044177,
    700.6582884890436,
    530.0,
    -168.88034344682524,
    428.3722582552408,
    550.4870270068984,
    451.9845141089434,
    -65.38561947401499,
    430.0,
    -8.092828319725918
  ],
  "episode_lengths": [
    4,
    5,
    3,
    3,
    4,
    1,
    7,
    3,
    5,
    6,
    1,
    2,
    4,
    4,
    6,
    5,
    7,
    2,
    4,
    5,
    6,
    4,
    6,
    4,
    5,
    2,
    7,
    5,
    3,
    5,
    2,
    2,
    4,
    6,
    2,
    3,
    2,
    6,
    4,
    6,
    2,
    7,
    4,
    4,
    5,
    6,
    4,
    3,
    1,
    2,
    2,
    6,
    1,
    3,
    12,
    6,
    5,
    2,
    9,
    6,
    8,
    5,
    4,
    5,
    3,
    4,
    3,
    5,
    9,
    4,
    6,
    4,
    7,
    4,
    6,
    5,
    2,
    1,
    5,
    5,
    3,
    1,
    7,
    7,
    9,
    8,
    6,
    5,
    5,
    4,
    2,
    5,
    1,
    4,
    5,
    4,
    2,
    5,
    2,
    8
  ],
  "training_losses": [
    3.788940191268921,
    22.819734573364258,
    11.259334564208984,
    30.439054489135742,
    18.293880462646484,
    23.53070831298828,
    17.726686477661133,
    33.1048583984375,
    44.73625564575195,
    16.420377731323242,
    19.330461502075195,
    29.589153289794922,
    35.75144958496094,
    25.49176788330078,
    27.91471290588379,
    21.363834381103516,
    28.86022186279297,
    15.265247344970703,
    23.935638427734375,
    13.319632530212402,
    34.68586349487305,
    35.790035247802734,
    14.853056907653809,
    15.955646514892578,
    10.211352348327637,
    26.099695205688477,
    16.573291778564453,
    24.25743865966797,
    21.894004821777344,
    18.100440979003906,
    4.891361713409424,
    53.83528137207031,
    15.568869590759277,
    45.20823669433594,
    17.897960662841797,
    15.580307006835938,
    56.73129653930664,
    43.622718811035156,
    28.371601104736328,
    31.63666534423828,
    11.422494888305664,
    5.364076614379883,
    17.212526321411133,
    13.145027160644531,
    22.28299331665039,
    4.5596160888671875,
    10.16529655456543,
    27.138408660888672,
    17.41274070739746,
    26.632980346679688,
    3.554741621017456,
    4.051269054412842,
    23.716590881347656,
    27.9375,
    21.68256950378418,
    11.730512619018555,
    22.808008193969727,
    31.696266174316406,
    22.298358917236328,
    22.441495895385742,
    10.171411514282227,
    40.5420036315918,
    18.8262939453125,
    30.57203483581543,
    47.36622619628906,
    8.80834674835205,
    7.976452827453613,
    31.142681121826172,
    36.17256164550781,
    44.0570068359375,
    16.731822967529297,
    28.217565536499023,
    28.274017333984375,
    7.58126163482666,
    8.930273056030273,
    26.152294158935547,
    19.83736228942871,
    25.469316482543945,
    39.80521774291992,
    19.505090713500977,
    28.34554672241211,
    43.116607666015625,
    8.251668930053711,
    23.071552276611328,
    21.370615005493164,
    20.665279388427734,
    19.207748413085938,
    31.964128494262695,
    6.951240539550781,
    15.140955924987793,
    28.152767181396484,
    43.62684631347656,
    35.7200927734375,
    33.60826873779297,
    23.119102478027344,
    17.31388282775879,
    35.25886535644531,
    20.805910110473633,
    1.5028138160705566,
    22.924449920654297,
    25.809350967407227,
    43.317596435546875,
    8.605916976928711,
    23.35211944580078,
    10.912708282470703,
    8.11601734161377,
    32.05228042602539,
    23.293201446533203,
    38.81403732299805,
    41.491371154785156,
    24.740524291992188,
    9.219865798950195,
    6.427159786224365,
    13.193621635437012,
    40.29479217529297,
    11.799652099609375,
    27.81743049621582,
    42.16749572753906,
    20.470848083496094,
    11.225261688232422,
    16.327342987060547,
    34.78981018066406,
    15.216303825378418,
    37.929988861083984,
    21.898590087890625,
    25.642072677612305,
    16.93028450012207,
    21.704675674438477,
    38.917724609375,
    32.13822937011719,
    36.209800720214844,
    26.38204002380371,
    16.34524917602539,
    29.78474235534668,
    29.529834747314453,
    13.300538063049316,
    31.502517700195312,
    14.90313720703125,
    46.160072326660156,
    16.387205123901367,
    45.1363525390625,
    10.134665489196777,
    32.34314727783203,
    39.395931243896484,
    6.494382858276367,
    34.71429443359375,
    16.573373794555664,
    8.495100021362305,
    26.70520782470703,
    28.798635482788086,
    6.71378231048584,
    37.89654541015625,
    36.966331481933594,
    30.753765106201172,
    6.235825538635254,
    17.6995849609375,
    34.859039306640625,
    10.562662124633789,
    5.468908786773682,
    19.415992736816406,
    36.7980842590332,
    19.336681365966797,
    15.553150177001953,
    9.260629653930664,
    17.55069351196289,
    17.80124282836914,
    14.787932395935059,
    33.022823333740234,
    16.96007537841797,
    34.85478973388672,
    55.27638244628906,
    26.34881591796875,
    30.828697204589844,
    15.761240005493164,
    24.404720306396484,
    11.595865249633789,
    8.501707077026367,
    46.89528274536133,
    18.92903709411621,
    16.10738754272461,
    32.21729278564453,
    8.988221168518066,
    23.15825080871582,
    4.224843978881836,
    18.54506492614746,
    5.262088775634766,
    3.8681135177612305,
    7.982368469238281,
    15.391500473022461,
    34.62646484375,
    6.555079936981201,
    28.137313842773438,
    12.16777229309082,
    24.395193099975586,
    22.949207305908203,
    43.14697265625,
    4.8908538818359375,
    24.45193862915039,
    16.109785079956055,
    27.972688674926758,
    23.097152709960938,
    29.026378631591797,
    22.00420379638672,
    30.19519805908203,
    34.55895233154297,
    22.115266799926758,
    19.857542037963867,
    37.260250091552734,
    7.860671043395996,
    16.766769409179688,
