{
  "episode": 1399,
  "total_steps": 6332,
  "timestamp": "2025-12-21T17:01:50.634912",
  "episode_rewards": [
    -147.39844099328022,
    442.17441651624654,
    -37.76001916260046,
    203.64330898302921,
    432.1358013606088,
    444.3105628112668,
    -38.277718643225306,
    -64.27019195412177,
    -82.55901080859738,
    444.77836997580374,
    -31.842996136447766,
    1541.4110500007891,
    469.0243457711206,
    286.97524536556125,
    481.3444203364476,
    -39.9566910805801,
    -45.66428619952903,
    469.44220466895484,
    430.0,
    -53.90512912792645,
    -35.36054593418889,
    522.5243943361027,
    -55.15339227812337,
    516.3105201605902,
    -36.648947560677136,
    8.256930065379976,
    -139.12772449975887,
    -63.96114852335735,
    1080.0,
    -98.08278436431566,
    -86.14745307557375,
    470.0,
    -93.90050184865954,
    -24.777619928696325,
    425.3919991367924,
    -28.89143850678809,
    -126.72033257224054,
    522.6391231828793,
    470.0,
    -64.15914848814673,
    -141.38017194264285,
    -92.13669296889455,
    23.52387272570367,
    -35.61162532815087,
    1010.0,
    -54.51254788066109,
    471.07760665652285,
    -132.43982110229194,
    -48.79591404363539,
    -98.25751931939105,
    -34.1490706053889,
    1013.8777502408377,
    32.37527490934562,
    -91.54071913681808,
    1470.0,
    396.4726411977513,
    430.0,
    380.0,
    -59.592171204108425,
    975.9005499818577,
    -101.27675614932726,
    -131.90640713233967,
    -139.1723188567864,
    -34.02719029219966,
    379.0,
    37.970967225499905,
    33.11124005657169,
    -97.72573753580427,
    512.5280376746119,
    243.23558316579187,
    -39.054559791700086,
    62.986723743718514,
    -126.09288331686142,
    -60.12631052497902,
    -40.118843858544594,
    420.0,
    470.0,
    -44.4943424121958,
    -51.26479873391817,
    534.4587091157407,
    510.8358099316878,
    -10.66133824988421,
    -122.20031008564237,
    481.21768639738116,
    420.0,
    167.8605874559524,
    340.4779882540781,
    -41.80538627409477,
    430.0,
    -38.333237104152715,
    539.1477144520824,
    16.28594799182929,
    430.0,
    -29.25729388461947,
    -56.883603612775644,
    470.0,
    398.2251465298326,
    -13.625670516305291,
    520.8876499624141,
    -153.88629797330103
  ],
  "episode_lengths": [
    4,
    6,
    4,
    7,
    2,
    2,
    7,
    5,
    5,
    2,
    4,
    7,
    3,
    11,
    2,
    7,
    5,
    4,
    2,
    6,
    4,
    2,
    5,
    3,
    6,
    4,
    4,
    4,
    4,
    4,
    4,
    4,
    4,
    5,
    5,
    7,
    4,
    2,
    4,
    4,
    4,
    4,
    4,
    7,
    3,
    4,
    4,
    4,
    5,
    6,
    6,
    4,
    5,
    5,
    8,
    7,
    2,
    4,
    5,
    4,
    4,
    4,
    4,
    5,
    5,
    4,
    5,
    5,
    3,
    5,
    4,
    4,
    4,
    5,
    4,
    3,
    4,
    5,
    5,
    2,
    2,
    4,
    4,
    3,
    3,
    6,
    6,
    5,
    2,
    4,
    2,
    4,
    2,
    5,
    4,
    4,
    3,
    4,
    2,
    4
  ],
  "training_losses": [
    35.314857482910156,
    3.9409139156341553,
    15.53577995300293,
    19.331085205078125,
    17.800273895263672,
    2.490389823913574,
    11.726112365722656,
    5.05888032913208,
    14.314160346984863,
    10.61135482788086,
    19.5199031829834,
    6.140041828155518,
    10.866324424743652,
    24.254528045654297,
    7.3054399490356445,
    12.054206848144531,
    9.711843490600586,
    19.604938507080078,
    33.32592010498047,
    6.103254795074463,
    9.591597557067871,
    6.077760696411133,
    0.8740060329437256,
    15.284649848937988,
    25.67245101928711,
    9.795572280883789,
    18.638858795166016,
    25.403812408447266,
    25.021997451782227,
    12.903310775756836,
    10.186259269714355,
    30.414182662963867,
    27.946544647216797,
    12.184425354003906,
    27.408010482788086,
    38.81407928466797,
    20.2967529296875,
    16.08770179748535,
    8.705961227416992,
    24.46552085876465,
    15.260282516479492,
    9.849990844726562,
    10.500166893005371,
    18.720325469970703,
    24.253822326660156,
    9.56059455871582,
    19.77335548400879,
    25.829498291015625,
    15.835250854492188,
    14.510576248168945,
    6.238590717315674,
    15.411445617675781,
    19.198537826538086,
    21.62189483642578,
    26.365833282470703,
    30.10312271118164,
    5.902073383331299,
    17.07999610900879,
    15.997220993041992,
    11.406732559204102,
    5.613964080810547,
    12.429917335510254,
    4.782742500305176,
    11.836135864257812,
    19.3903751373291,
    12.83487319946289,
    33.74967956542969,
    10.129862785339355,
    34.00695037841797,
    20.012723922729492,
    4.530600547790527,
    22.30710792541504,
    8.308369636535645,
    27.19253921508789,
    6.804349422454834,
    35.097957611083984,
    19.887229919433594,
    22.819217681884766,
    1.5674794912338257,
    32.3779296875,
    14.304906845092773,
    10.355928421020508,
    2.493151903152466,
    4.090154647827148,
    12.452631950378418,
    24.63874053955078,
    13.002111434936523,
    17.26043701171875,
    32.56886291503906,
    13.515634536743164,
    6.152547359466553,
    17.581003189086914,
    9.397186279296875,
    5.637438774108887,
    18.45287322998047,
    32.185646057128906,
    17.788619995117188,
    11.192691802978516,
    6.351762771606445,
    2.891249179840088,
    15.711210250854492,
    25.976940155029297,
    19.926185607910156,
    4.722182750701904,
    17.61762237548828,
    19.78144073486328,
    14.446673393249512,
    10.268684387207031,
    14.51705551147461,
    6.108912467956543,
    13.284504890441895,
    29.465850830078125,
    20.79765510559082,
    21.956401824951172,
    10.337447166442871,
    46.192626953125,
    9.497614860534668,
    26.256114959716797,
    12.176353454589844,
    4.901293754577637,
    15.183515548706055,
    16.148712158203125,
    17.13564682006836,
    12.013005256652832,
    17.722511291503906,
    10.019536972045898,
    11.927896499633789,
    6.7622599601745605,
    5.230424880981445,
    10.171605110168457,
    17.811065673828125,
    24.81856918334961,
    8.45634937286377,
    15.837642669677734,
    8.609094619750977,
    18.253313064575195,
    5.962575912475586,
    2.572056770324707,
    12.627542495727539,
    21.094078063964844,
    11.004619598388672,
    9.023493766784668,
    23.087909698486328,
    18.49333953857422,
    10.189016342163086,
    20.17252540588379,
    21.195573806762695,
    32.01396179199219,
    8.229911804199219,
    24.999027252197266,
    2.422104597091675,
    33.967018127441406,
    19.693416595458984,
    19.961410522460938,
    43.16490173339844,
    34.3669319152832,
    9.012206077575684,
    21.47585678100586,
    15.947769165039062,
    10.831342697143555,
    9.934412956237793,
    41.89248275756836,
    26.867595672607422,
    10.850685119628906,
    15.792073249816895,
    11.061958312988281,
    19.81150245666504,
    13.857603073120117,
    28.32063102722168,
    38.60185241699219,
    27.71530532836914,
    30.844131469726562,
    17.184688568115234,
    29.988441467285156,
    14.781641960144043,
    8.689669609069824,
    4.862126350402832,
    7.22511625289917,
    19.49293327331543,
    9.409584045410156,
    18.458751678466797,
    6.190491676330566,
    13.353216171264648,
    19.068069458007812,
    5.5616559982299805,
    4.139061450958252,
    6.402790546417236,
    22.39791488647461,
    18.771841049194336,
    9.487881660461426,
    26.397918701171875,
    23.17510414123535,
    14.199563980102539,
    5.714900970458984,
    10.001945495605469,
    22.619966506958008,
    11.607233047485352,
    17.390275955200195,
    28.263431549072266,
    9.057788848876953,
    17.891633987426758,
    21.703834533691406,
    34.304203033447266,
    9.422608375549316,
    8.44149112701416,
    31.67397689819336,
    14.586066246032715,
    18.281982421875,
    4.839768409729004,
    23.642807006835938,
