{
  "episode": 99,
  "total_steps": 697,
  "timestamp": "2025-12-01T01:41:23.861536",
  "episode_rewards": [
    260.0,
    22272.78962174669,
    260.0,
    1050.721110995331,
    260.0,
    5712.174732330748,
    34698.70248627655,
    260.0,
    235.0,
    200.0,
    8761.471606091849,
    191.142376416622,
    4360.707786038253,
    18975.553322601045,
    260.0,
    6580.475117012961,
    212.41757093085852,
    28448.14675980288,
    14347.351120691976,
    256.1788942881605,
    230.0,
    6392.698346496222,
    260.0,
    5213.716013425215,
    646.2589137478108,
    3691.0583429283943,
    6028.156000678114,
    10209.37635238301,
    222.39899682065482,
    23992.726457454402,
    190.11428897051113,
    6814.39715157801,
    13789.122069016294,
    4282.397121089938,
    18882.688495750244,
    188.15458066164376,
    13239.012976787086,
    29353.40855956717,
    566.936300972667,
    222.90994795369167,
    9080.34332481904,
    8947.73590186774,
    12006.174921861917,
    4809.1036724438245,
    14602.215888726481,
    10954.514066352343,
    17819.37278061879,
    9615.51538039,
    260.0,
    12472.950509678018,
    33205.59466574752,
    260.0,
    10345.711896869258,
    260.0,
    12083.205473159542,
    220.15308135547042,
    19213.79193771778,
    6405.5346362048895,
    12285.896771820515,
    7222.556160948047,
    328.8778267164319,
    5036.048805046017,
    188.14207654395307,
    260.0,
    15128.031702080993,
    260.0,
    15475.44244943617,
    21189.270529475365,
    13210.88001513279,
    3615.2661030983677,
    194.82728352885633,
    18160.80566283672,
    250.0,
    12550.968162499754,
    8973.089070963646,
    761.0379128902305,
    9359.126540174033,
    13392.447628555585,
    260.0,
    10728.411382134736,
    23387.116619162865,
    1592.735797082925,
    245.1289893639223,
    24723.531110911947,
    2698.296603681278,
    15000.116060455472,
    13974.495643710117,
    936.3445900586927,
    25356.09870612863,
    257.7326057727095,
    4146.679736913824,
    6473.858934934883,
    255.09840689934927,
    260.0,
    260.0,
    16600.667435838524,
    24974.93484675689,
    14024.150223032446,
    215.97349841544982,
    3620.5711640514282
  ],
  "episode_lengths": [
    1,
    15,
    1,
    5,
    1,
    13,
    15,
    1,
    1,
    1,
    5,
    2,
    3,
    15,
    1,
    15,
    2,
    15,
    14,
    2,
    1,
    8,
    1,
    5,
    4,
    3,
    4,
    5,
    3,
    10,
    2,
    6,
    8,
    6,
    11,
    2,
    10,
    15,
    4,
    2,
    6,
    7,
    7,
    4,
    10,
    15,
    12,
    8,
    1,
    7,
    15,
    1,
    15,
    1,
    9,
    2,
    13,
    2,
    6,
    7,
    3,
    6,
    2,
    1,
    14,
    1,
    11,
    15,
    15,
    6,
    2,
    14,
    1,
    10,
    10,
    4,
    8,
    9,
    1,
    15,
    15,
    7,
    4,
    15,
    5,
    13,
    15,
    4,
    15,
    2,
    12,
    7,
    2,
    1,
    1,
    15,
    15,
    8,
    4,
    3
  ],
  "training_losses": [],
  "epsilon_history": [
    0.9995,
    0.9920299301136145,
    0.9915339151485577,
    0.989057557956367,
    0.9885630291773888,
    0.9821566111698138,
    0.9748161624206251,
    0.9743287543394149,
    0.9738415899622452,
    0.9733546691672641,
    0.97092371466463,
    0.9699530336808941,
    0.968498831473904,
    0.96126045833134,
    0.9607798281021743,
    0.9535991452994202,
    0.9526457845539072,
    0.9455258940210525,
    0.938928680514662,
    0.9379899865663176,
    0.9375209915730345,
    0.9337774636951368,
    0.9333105749632893,
    0.9309796306359722,
    0.9291190673787147,
    0.9277260855008075,
    0.9258720244551293,
    0.9235596579170021,
    0.9221750109844252,
    0.9175744965778483,
    0.9166571514748947,
    0.9139106151940047,
    0.9102613637141579,
    0.9075339908283294,
    0.9025550137719643,
    0.9016526843969459,
    0.8971545510546979,
    0.8904493912795429,
    0.8886698277259019,
    0.887781380065633,
    0.8851213628869903,
    0.882028081133571,
    0.8789456096400858,
    0.8771890363998024,
    0.872812946448134,
    0.8662897111227618,
    0.8611062428400716,
    0.8576678395884337,
    0.8572390056686395,
    0.8542431659050334,
    0.8478587175315688,
    0.847434788172803,
    0.841101224299061,
    0.8406806736869116,
    0.836905167960854,
    0.8360684720191852,
    0.8306503004341458,
    0.8298198577962869,
    0.8273335079735932,
    0.8244421805788279,
    0.82320613553654,
    0.8207396020956952,
    0.8199190676785001,
    0.8195091081446609,
    0.813791150983414,
    0.8133842554079224,
    0.8089218092774052,
    0.8028760839668263,
    0.7968755432391227,
    0.7944879029012508,
    0.7936936136203253,
    0.78815577879124,
    0.7877617009018444,
    0.7838317429103784,
    0.7799213905557402,
    0.7783627172668027,
    0.7752547094916217,
    0.7717730324572228,
    0.7713871459409942,
    0.7656219474521111,
    0.7598998369428386,
    0.7572441736647829,
    0.7557308208051392,
    0.7500826346653594,
    0.7482093023479139,
    0.7433605052489718,
    0.7378047724575875,
    0.7363302692509748,
    0.730827079085126,
    0.7300964347128107,
    0.7257278826406245,
    0.723191641949294,
    0.7224686311052553,
    0.7221073967897027,
    0.7217463430913079,
    0.7163521503718129,
    0.7109982728064902,
    0.7081592517292956,
    0.7067439951106794,
    0.7056844090876668
  ],
  "best_mean_reward": 7171.36674128014
}