{
  "episode": 499,
  "total_steps": 2207,
  "timestamp": "2025-12-21T17:13:38.799299",
  "episode_rewards": [
    -63.71571434339875,
    -53.84029112457005,
    423.8497642997661,
    -24.709602616584345,
    480.03259895146357,
    -35.327417984692175,
    530.0,
    61.98939840971806,
    -78.91905921270362,
    -42.61636949339152,
    482.0274032531922,
    506.2601624294475,
    -47.71002357994942,
    438.719927710732,
    -88.08743429670272,
    467.25723675093036,
    -64.92883911724877,
    -51.83393934340741,
    -108.19492042529441,
    544.3008087708506,
    -130.7216741041015,
    445.248926059675,
    430.0,
    538.766125183944,
    -53.68037492185419,
    430.0,
    496.01518853662117,
    -96.6432024690984,
    -29.53518715525253,
    -97.69618362360748,
    453.76989679108175,
    -81.76682175215664,
    960.0,
    1.604679624443449,
    -50.329952085497226,
    484.88202675484547,
    -81.91122456960464,
    -78.40710275762049,
    -91.89820934447619,
    -47.97071916483465,
    -49.860526576038005,
    -58.17398010576083,
    -21.091964459824226,
    96.20163651994505,
    -39.66429864810425,
    -83.51880050289438,
    -34.216155983395446,
    -34.96233763103881,
    355.0894806614946,
    337.6722338027651,
    -94.24271587097532,
    -63.52358109492163,
    -42.88294830794507,
    -133.97393475097286,
    -136.6814728193675,
    518.8117245183006,
    430.0,
    -15.8239059635652,
    -100.59195880314228,
    409.2586240800938,
    -63.91928835606228,
    -53.70539584850755,
    -67.03141689514311,
    -44.52695075603328,
    430.0,
    -56.930029398378636,
    -31.278798481126586,
    -72.11295084640341,
    -30.51375825331953,
    -64.29810587990556,
    500.0131123883289,
    -67.55350326032088,
    -31.764620649810322,
    -63.534207248883426,
    420.0,
    538.3163714324172,
    -47.60659217580323,
    -8.542172368071803,
    531.2642775502286,
    430.0,
    -97.46154434114695,
    485.5679480079731,
    -31.268386246754226,
    476.68818826686015,
    -81.17440524181282,
    -70.4448065341627,
    -37.52942680300356,
    -69.0367575241531,
    -115.50464514199956,
    -99.30884114405633,
    -82.81584200352634,
    -78.8297242459521,
    -131.56068190851724,
    -63.93923610962605,
    -6.161249629100169,
    536.5666097992167,
    -55.947417661239655,
    -110.68115851355734,
    -55.75973790673322,
    -104.55386419313834
  ],
  "episode_lengths": [
    7,
    4,
    4,
    4,
    2,
    4,
    1,
    5,
    5,
    5,
    3,
    3,
    6,
    4,
    5,
    4,
    4,
    4,
    4,
    2,
    4,
    4,
    2,
    3,
    5,
    2,
    6,
    7,
    5,
    9,
    4,
    5,
    7,
    5,
    5,
    3,
    5,
    5,
    4,
    6,
    5,
    4,
    5,
    5,
    9,
    4,
    4,
    4,
    4,
    3,
    10,
    5,
    4,
    5,
    5,
    2,
    2,
    7,
    8,
    3,
    4,
    5,
    5,
    4,
    2,
    4,
    4,
    6,
    5,
    6,
    5,
    8,
    5,
    5,
    3,
    2,
    6,
    5,
    2,
    2,
    5,
    2,
    6,
    3,
    5,
    4,
    4,
    4,
    5,
    4,
    4,
    4,
    4,
    4,
    5,
    2,
    5,
    4,
    4,
    5
  ],
  "training_losses": [
    10.652551651000977,
    7.520595073699951,
    10.51622200012207,
    10.514559745788574,
    26.67066192626953,
    7.094170093536377,
    12.571542739868164,
    12.628597259521484,
    11.522945404052734,
    7.419641494750977,
    11.419951438903809,
    4.37680196762085,
    14.66454792022705,
    14.785593032836914,
    8.209739685058594,
    11.5820894241333,
    11.989498138427734,
    8.373539924621582,
    19.216327667236328,
    14.578546524047852,
    25.86170196533203,
    15.438484191894531,
    8.601936340332031,
    33.2945556640625,
    7.897916316986084,
    26.869754791259766,
    15.845277786254883,
    39.053096771240234,
    11.587687492370605,
    0.9818968772888184,
    5.568734169006348,
    12.059954643249512,
    4.511296272277832,
    40.45914840698242,
    15.393867492675781,
    3.119863986968994,
    17.302173614501953,
    15.059297561645508,
    3.548267126083374,
    3.8169586658477783,
    12.258169174194336,
    14.401853561401367,
    29.896236419677734,
    13.500319480895996,
    9.890276908874512,
    23.519386291503906,
    18.185394287109375,
    16.893688201904297,
    2.887155532836914,
    11.449786186218262,
    13.187005996704102,
    14.41563892364502,
    10.331028938293457,
    12.876432418823242,
    7.927883148193359,
    23.344972610473633,
    6.97577428817749,
    3.624661445617676,
    6.980046272277832,
    5.726726531982422,
    16.243181228637695,
    17.109663009643555,
    11.158609390258789,
    18.745939254760742,
    7.360106468200684,
    3.7330451011657715,
    10.230775833129883,
    4.872646331787109,
    18.50769805908203,
    17.86899757385254,
    23.002727508544922,
    14.107640266418457,
    4.24296760559082,
    16.403549194335938,
    29.151962280273438,
    5.407775402069092,
    7.089577674865723,
    23.307016372680664,
    6.071568489074707,
    3.3511486053466797,
    13.511564254760742,
    4.628674507141113,
    14.680488586425781,
    3.8529341220855713,
    1.9623119831085205,
    12.461469650268555,
    23.733871459960938,
    18.29220962524414,
    6.071393966674805,
    5.877025604248047,
    6.644744873046875,
    13.248147010803223,
    13.668294906616211,
    3.918321132659912,
    18.85264778137207,
    13.431163787841797,
    17.070871353149414,
    18.14480209350586,
    8.871827125549316,
    11.251136779785156,
    5.711662292480469,
    12.971434593200684,
    10.170236587524414,
    13.619762420654297,
    5.8173604011535645,
    25.27478790283203,
    13.519524574279785,
    17.69135093688965,
    20.860746383666992,
    9.277670860290527,
    5.391000747680664,
    10.644046783447266,
    18.275218963623047,
    5.893266677856445,
    15.717784881591797,
    2.7987711429595947,
    3.0704541206359863,
    7.058786392211914,
    6.000593185424805,
    10.519865989685059,
    11.613170623779297,
    21.682161331176758,
    5.921275615692139,
    5.0745720863342285,
    4.056297302246094,
    14.54835319519043,
    11.45279312133789,
    9.938031196594238,
    12.436325073242188,
    9.377022743225098,
    7.371537208557129,
    18.66917610168457,
    15.987110137939453,
    8.634730339050293,
    15.926742553710938,
    10.629387855529785,
    3.0452418327331543,
    1.8685976266860962,
    13.282954216003418,
    16.731904983520508,
    21.493032455444336,
    13.662288665771484,
    2.9336986541748047,
    7.230669975280762,
    6.192420959472656,
    7.746249675750732,
    10.00873851776123,
    23.31139373779297,
    12.869093894958496,
    7.556948661804199,
    11.563507080078125,
    8.990335464477539,
    25.01618194580078,
    7.94105863571167,
    7.425479412078857,
    16.54182243347168,
    21.252016067504883,
    9.109274864196777,
    20.571504592895508,
    15.831493377685547,
    16.143035888671875,
    6.435487747192383,
    4.148232936859131,
    13.868969917297363,
    6.190485954284668,
    24.674480438232422,
    9.332603454589844,
    15.423041343688965,
    3.213554620742798,
    32.886905670166016,
    9.99736499786377,
    12.474386215209961,
    10.06916332244873,
    13.893031120300293,
    30.763887405395508,
    9.668089866638184,
    3.9310269355773926,
    1.879492998123169,
    15.134757995605469,
    12.857613563537598,
    12.575730323791504,
    8.02130126953125,
    6.439658164978027,
    14.97031021118164,
    10.863967895507812,
    8.00248908996582,
    8.455628395080566,
    15.07628059387207,
    21.115497589111328,
    21.698101043701172,
    15.612751007080078,
    9.29224967956543,
    14.314230918884277,
    14.629959106445312,
    9.994029998779297,
    10.76283073425293,
    16.17534828186035,
    10.862722396850586,
    7.3600873947143555,
    26.581302642822266,
    11.878814697265625,
    13.897054672241211,
    23.919187545776367,
    14.337260246276855,
    9.568676948547363,
    16.793846130371094,
